Pitcher,PitcherTeam,ArsenalStuffPlus,TotalPitches
"Coppola, Christian",STJ_HAW,120.4,470
"Meyer, Chase",WES_MOU,117.4,77
"Garcia, Santiago",LSU_TIG,116.0,284
"Peterson, Liam",FLA_GAT,115.8,926
"Whitney, Dax",ORE_BEA,115.8,792
"Leffew, Haiden",TEX_LON,115.7,198
"Lopez, Daniel",KAN_JAY,115.4,161
"Leon, Kadyn",OKL_SOO,115.2,356
"Calzadiaz, Kyle",SAN_SPA,115.0,323
"Baird, Tim",MAR_THU,114.3,223
"Barberi, Jackson",FLA_GAT,114.2,477
"Vigue, Dylan",GEO_BUL,114.2,686
"Sanford, Will",ORE_DUC,114.1,764
"Jasa, Carson",NEB,113.9,797
"Ziermann, Tj",UNC_SEA,113.9,213
"Levonas, Chris",WAK_DEA,113.8,772
"O'Donnell, Landon",USF_BUL,113.8,124
"Van Kempen, Gavin",ECU_PIR,113.6,495
"Flukey, Cameron",COA_CHA,113.5,65
"Giordano, Jack",ORE_BEA,113.5,123
"Townsend, Cade",OLE_REB,113.3,529
"Raab, JT",GEO_HOY,113.3,302
"Bryans, Beau",JAC_GAM,113.0,619
"Lund, Ethan",OKL_COW,112.9,905
"Schmidt, William",LSU_TIG,112.8,904
"Volchko, Joey",GEO_BUL,112.7,852
"Nottingham, Joe",GEO_BUL,112.7,165
"Roblez, Albert",ORE_BEA,112.6,191
"Stokes, Cole",FLO_SEM,112.6,217
"Eldem, Levent",FGCU,112.4,154
"Williams, Peyton",KS_GF,112.4,210
"Higgins, Nolan",MIC_SPA,112.4,479
"Hunter, Tristan",KEN_WIL,112.3,260
"Calhoun, Hudson",OLE_REB,112.3,490
"Lachenmayer, Danny",LSU_TIG,112.3,74
"Paz, Marcos",LSU_TIG,112.2,327
"Larson, Sam",TUL_GRE,112.1,432
"Yoder, Noah",VIR_CAV,112.1,401
"Edwards, Mason",SOU_TRO,112.0,980
"Burns, Dane",MSU_BDG,112.0,180
"Proskey, Calvin",SAN_GAU,111.9,59
"Butler, Tazwell",KAN_WIL,111.9,409
"Sheerin, Deven",LSU_TIG,111.9,398
"Dietz, Hunter",ARK_RAZ,111.9,994
"Velazquez, Diego",SOU_TRO,111.8,187
"Queen, Wyatt",ORE_BEA,111.7,309
"Flora, Jackson",SAN_GAU,111.7,995
"Franco, Noah",TCU_HFG,111.7,146
"Sagouspe, Tanner",TCU_HFG,111.6,367
"Peters, Zachary",VCU_RAM,111.6,545
"Veasey, Ariston",CLE_TIG,111.5,222
"Linder, Colin",ARI_SUN,111.5,613
"Iwanaga, Elai",UCLA,111.5,126
"Pocol, Ashton",FGCU,111.4,307
"Adcock, Nile",KEN_WIL,111.4,351
"Stewart, Joshua",TEX_AGG,111.4,89
"Debiec, Max",MIC_WOL,111.3,273
"Morales, Justin",BET_WIL,111.3,76
"Buczkowski, Adam",CIN_BEA,111.2,377
"Simmerson, Hayden",CLE_TIG,111.2,295
"Piech, Ryan",XAV_MUS,111.1,701
"Alivo, Kyle",IOW_HAW,111.1,400
"Rahe, Boede",KAN_JAY,111.1,446
"Whelan, Will",MIN_GOL,111.1,122
"Mentzel, Kyler",HBU_HUS,111.1,192
"Sims, Aiden",TEX_AGG,111.0,891
"Brasch, Cody",LOU_CAJ,111.0,599
"Nye, Austin",VAN_COM,111.0,124
"Clark, Camden",SOU_GOL,111.0,282
"DeCaro, Jason",NOR_TAR,110.9,833
"Krodel, Andrew",SAN_GAU,110.9,403
"Sandefer, Russell",FLA_GAT,110.9,439
"Stillman, Aiden",VAN_COM,110.8,78
"Helman, Nate",KEN_OWL,110.8,347
"Martinez, Carlos",HOF_PRI,110.8,579
"Moore, Bryson",FLO_SEM,110.8,652
"Yoak, Bryant",WES_MOU,110.7,155
"Bayles, Max",SAN_BRO,110.7,843
"Odom, Leo",OLE_REB,110.7,56
"McDowell, Drew",SOU_JAC,110.7,98
"Walls, Brody",TEX_LON,110.6,242
"Bergman, Jackson",IU,110.6,151
"Ohman, Jack",YAL_BUL,110.6,418
"Dossett, Cooper",ARK_RAZ,110.6,159
"Sandford, Schuyler",FLA_GAT,110.6,296
"Burns, Thomas",TEX_LON,110.6,213
"Rose, Ethan",ECU_PIR,110.6,414
"Eddy, Gavin",CAL_BEA,110.5,892
"Riojas, Ruger",TEX_LON,110.5,763
"Egbert, Thomas",PEN_QUA,110.5,111
"Randall, Cal",UCLA,110.4,313
"Halvorson, Wyatt",ARI_SUN,110.4,105
"Nayral, Mathis",KAN_JAY,110.4,652
"Winter, Michael",TEX_LON,110.4,116
"Craytor, Luke",VIR_TEC,110.4,267
"Jaisle, Will",NOT_IRI,110.3,177
"Robertson, JP",OLE_REB,110.3,271
"Weber, Colby",ECU_PIR,110.3,309
"Rabe, Taylor",OLE_REB,110.3,390
"Adelmann, Jonathan",BUC_BIS,110.3,449
"Nelson, Drew",TRO_TRJ,110.3,137
"Lafflam, Jack",ARI_WIL,110.3,212
"Finkbeiner, Tyler",MIC_WOL,110.2,171
"Rerick, Drew",OKL_SOO,110.2,54
"Dickson, Drew",NOR_CAT,110.2,189
"Nachtsheim, Eric",MCN_COW,110.2,797
"Stone, Duke",MSU_BDG,110.2,802
"Guidry, Gavin",LSU_TIG,110.1,464
"Langbehn, Nate",TOL_ROC,110.1,301
"McPherson, Ryan",MSU_BDG,110.0,505
"Goldenbaum, Matt",CRE_BLU,110.0,150
"Dathe, Dax",LSU_TIG,110.0,69
"Luzarraga, Max",DAL_PAT,110.0,206
"Jones, Evan",WAK_DEA,109.9,419
"Overbay, Alex",ARI_SUN,109.8,577
"Fliss, Michael",TOL_ROC,109.8,458
"Dean, Ben",DUK_BLU,109.8,493
"Benzor, Michael",DAL_PAT,109.8,269
"Horn, Drew",MTSU_BLU,109.8,549
"English, Kellen",IU,109.8,227
"Markham, Cooper",ORE_DUC,109.7,59
"Pitzer, Tyler",MSU_BDG,109.7,219
"Seagraves, Camron",NOR_TAR,109.7,220
"Malki, Michael",CAL_LAN,109.7,878
"Hill, Dalton",NIC_COL,109.7,157
"Smith, Kaden",USF_BUL,109.7,440
"Alwood, Luke",SEA_RED,109.7,515
"Cozart, Sam",TEX_LON,109.6,483
"Klecker, Kole",ARI_SUN,109.6,718
"Ferris, Kash",ORA_GOL,109.6,233
"Lynch, Ryan",NOR_TAR,109.6,904
"King, Gavin",MTSU_BLU,109.5,558
"Soares, Gavin",BOC_EAG,109.5,240
"Alonso, Dylan",TRO_TRJ,109.5,424
"Renfrow, Brett",VIR_TEC,109.5,679
"Troy, Adam",SOU_TRO,109.5,383
"Erspamer, Mike",STA_CAR,109.5,302
"Bixby, Mason",OKL_SOO,109.4,252
"Johnston, Gavin",SOU_RED,109.4,154
"Kuhns, Tegan",TEN_VOL,109.4,822
"Libbert, Wil",OLE_REB,109.3,499
"Marohn, Ryan",NOR_WOL,109.3,727
"Morton, Isaac",MIN_GOL,109.3,544
"Wimbish, Camden",CAM_CAM,109.3,608
"St. Pierre, Brady",SOU_LIO,109.2,451
"Peterson, Ryan",SAM_BEA,109.1,485
"West, Manning",KAN_JAY,109.1,404
"Richardson, Hyatt",FGCU,109.1,399
"Masonis, Clay",UNC_SEA,109.1,329
"Bryan, Tyler",HOU_COU,109.1,335
"Foley, Matthew",IWC,109.1,222
"Darling, Connor",PEN_QUA,109.1,326
"Bradley, Tanner",ORE_DUC,109.0,362
"Govel, Grant",SOU_TRO,109.0,847
"LaPour, Tommy",TCU_HFG,109.0,85
"Pressley, Devin",GAR_RUN,109.0,64
"Bosley-Smith, Collin",LIP_BIS,109.0,227
"Rhodes, Parker",MSU_BDG,109.0,110
"Stroman, Jayden",VIR_CAV,109.0,382
"Sutherland, Curry",MIS_BEA,108.9,176
"Valincius, Tomas",MSU_BDG,108.9,897
"Graf, Owen",OSU_BUC,108.9,51
"Andre, William",SAM_BUL,108.9,340
"Rogovic, Andrew",NOR_HUS,108.9,274
"Seebold, Gavin",IU,108.9,454
"Shadek, Justin",GIT_YEL,108.9,334
"Kribbs, Andrew",CHA_FOR,108.8,175
"Murdock, Steele",CSD_TRI,108.8,919
"Foxson, Tate",UNL_REB,108.8,300
"Hard, Sean",BOC_EAG,108.8,278
"Byrd, Justin",GEO_BUL,108.7,524
"Webb, Maddox",MSU_BDG,108.7,266
"Gomez, Joe",LON_LAN,108.7,88
"Buxton, Eli",ARI_SUN,108.7,210
"Brown, Chad",CIN_BEA,108.7,384
"Edwards, Finn",ARI_SUN,108.7,217
"Bryan, England",VAN_COM,108.6,57
"Eisenreich, Logan",VIR_TEC,108.6,375
"Johnson, Cameron",OKL_SOO,108.6,745
"Crossland, Brett",TEX_LON,108.6,240
"Keenan, Aidan",STA_CAR,108.6,295
"Vargas, Juan",TEX_AGG,108.6,273
"Dorsey, Chandler",UCF_KNI,108.6,116
"Segura, Eric",ORE_BEA,108.5,522
"Glauber, Caden",NOR_TAR,108.5,723
"Scolari, Cal",ORE_DUC,108.5,546
"Toro, Brayden",STE_HAT,108.5,373
"Baker, Jackson",HOU_COU,108.5,185
"Gisclair, Nick",SOU_LIO,108.5,196
"Schlote, Nate",VAN_COM,108.4,295
"Fitzpatrick, Sean",ARI_SUN,108.4,306
"Addari, Michael",ILL_RED,108.4,574
"Yehl, Maxx",WES_MOU,108.4,811
"Williford, Trey",UNC_SEA,108.3,464
"Schneider, Maxwell",LOY_LIO,108.3,304
"Baird, Tyler",VAN_COM,108.3,499
"Marshburn, Connor",UNC_SEA,108.3,704
"Buursema, Porter",GIT_YEL,108.3,427
"Antolick, Brett",ECU_PIR,108.3,181
"Leininger, Nathan",TOL_ROC,108.3,670
"Cervantes, Angel",UCLA,108.3,391
"Wood, Dylan",GEO_BUL,108.3,98
"Lewis, Donte",KAN_WIL,108.2,81
"Evans, Casan",LSU_TIG,108.2,893
"Lynch, Ryan",COA_CHA,108.2,148
"Nadeau, Wyatt",VAN_COM,108.2,577
"Cooper, Wade",TEX_BOB,108.2,448
"Johnston, Jett",AUB_TIG,108.2,343
"Bergman, Brayden",BAY_BEA,108.1,271
"Duncan, Avery",DAL_PAT,108.1,394
"McNeillie, Luke",FLA_GAT,108.1,460
"Whritenour, Joshua",FLA_GAT,108.1,412
"Waters, Landon",OLE_REB,108.1,198
"Guyette, James",KAN_WIL,108.1,884
"Matthijs, Matthew",NOR_TAR,108.1,301
"Unga, Anthony",CRE_BLU,108.0,55
"Caldwell, Jackson",UNC_SEA,108.0,306
"Shouse, Connor",TEX_RAI,108.0,97
"Santos, Manny",RHO_RAM,108.0,251
"Gaeckle, Gabe",ARK_RAZ,108.0,722
"Hansen, Trevor",CAL_ANT,108.0,638
"Brailey, Beau",CAM_CAM,107.9,275
"Olsen, Carson",CAL_LAN,107.9,299
"Carlisle, Sam",WMI_BRO,107.9,303
"Zaborowski, Landon",UTA_WOL,107.9,168
"Kenney, Noah",WAS_HUS,107.9,882
"Vincent, Hunter",TEX_AGG,107.9,137
"Miller, Maddox",MSU_BDG,107.9,209
"Kircher, Jackson",ARK_RAZ,107.9,131
"Scott, Matt",GEO_BUL,107.9,613
"Bunting, Brody",LIT_TRO,107.9,152
"Stern, Nate",TCU_HFG,107.9,375
"Airington, Cody",AUS_GOV,107.9,524
"Beard, Trey",FLO_SEM,107.8,730
"Evaniew, Isaac",LIT_TRO,107.8,306
"Combs, Ryan",CHA_FOR,107.8,280
"Huether, JT",WES_MOU,107.8,51
"Bordelon, Joe",NIC_COL,107.8,176
"Levari, Marco",LAS_EXS,107.8,143
"Kantola, Kaleb",LIP_BIS,107.8,202
"Maloney, Colin",RHO_RAM,107.8,88
"Crowl, Preston",VIR_TEC,107.8,549
"Turnquist, Carson",CAL_MUS,107.8,597
"Hartzell, Warren",WRI_RAI,107.7,134
"Theophilus, Zion",LSU_TIG,107.7,180
"Mitchell, Jackson",BIN_BEA,107.7,360
"Freshcorn, Clayton",TEX_AGG,107.7,322
"Royal, Hunter",LIT_TRO,107.7,90
"Gleason, Zach",RUT_SCA,107.7,419
"Mackey, Cayden",USC_UPS,107.7,340
"Grack, Timothy",CAL_ANT,107.7,222
"Manuel, Truitt",NOR_WOL,107.6,84
"Dressler, Troy",WAK_DEA,107.6,657
"Reimers, Max",SAN_BRO,107.6,104
"Blair, Benjamin",LIB_FLA,107.6,914
"Kimball, Blake",SIU_SAL,107.6,322
"Thomas, Brady",JAC_GAM,107.5,167
"Whalen, Drew",AUB_TIG,107.5,179
"Lenius, Ian",UTA_UTE,107.5,148
"Lippman, Sebastian",FGCU,107.5,329
"West, Charles",UCO_HUS,107.5,621
"Vaughn, Rhett",FLO_SEM,107.5,94
"Sweum, Karsten",GON_BUL,107.4,875
"Strickland, Zach",UCLA,107.4,409
"Bennett, Brendon",CLE_TIG,107.4,230
"Birchard, Owen",BRY_BUL,107.4,261
"Sumner, Garrison",BYU_COU,107.4,716
"Kulik, Marcel",AUB_TIG,107.4,116
"Bauer, Jack",MSU_BDG,107.4,176
"Kreis, Take",CAL_BEA,107.4,239
"Krakoski, Jason",CAL_FUL,107.4,55
"Fair, Carson",MT,107.4,285
"Knipper, Armani",DAL_PAT,107.3,230
"Lambert, Brock",HBU_HUS,107.3,247
"Bahl, Jaden",MCN_COW,107.3,427
"Hood, Landon",GON_BUL,107.3,510
"Fowler, Peyton",MSU_BDG,107.3,66
"Fortner, Jack",MTSU_BLU,107.3,132
"Thames, Ty",RIC_OWL,107.3,443
"Gaines, Andrew",STJ_HAW,107.3,334
"Shineflew, Jaxon",SAL_JAG,107.3,607
"Hawk, Easton",UCLA,107.3,370
"Soske, Payton",COL_LION,107.2,196
"Feehery, Jack",DUK_BLU,107.2,53
"McGuire, Tate",ARK_RAZ,107.2,446
"Griffin, Conner",BIN_BEA,107.2,518
"Radel, Jack",NOT_IRI,107.2,843
"Tarango, Caden",TUL_GRE,107.2,96
"Cullen, Jake",RHO_RAM,107.2,535
"Jones, Evan",UCF_KNI,107.2,463
"Coppersmith, Zane",STE_HAT,107.2,279
"Jelkin, Jaxon",KEN_WIL,107.2,872
"Pruett, Brad",GEO_BUL,107.2,160
"Alveti, Gavin",AUS_GOV,107.2,378
"Jones, Gavyn",OKL_SOO,107.2,234
"Isler, Nate",DAR_GRE,107.1,488
"McElvain, Ethan",ARK_RAZ,107.1,345
"Reich, Ryan",SET_PIR,107.1,342
"Powell, Cooper",TEX_AGG,107.1,65
"Ralamb, Karl",BEL_KNI,107.1,225
"McCain, Bryce",AUS_GOV,107.1,288
"Music, Jett",CAM_CAM,107.1,210
"Toups, Nik",SOU_LIO,107.1,578
"Lee, Aidan",GRA_CAN,107.1,131
"Grotyohann, Connor",RHO_RAM,107.1,144
"Eich, Billy",KAN_WIL,107.1,76
"Clark, Cooper",CAM_CAM,107.1,423
"Kimbrell, Bryant",WCC,107.1,257
"Jones, Wesley",CHA_FOR,107.1,349
"Bell, Devin",ORE_DUC,107.0,210
"Penn, Taylor",ARI_SUN,107.0,496
"Volantis, Dylan",TEX_LON,107.0,697
"Foster, Charlie",MSU_BDG,107.0,379
"Spencer, Jacob",IND_SYC,107.0,73
"Suarez, Danny",CAL_ANT,107.0,119
"Lopez, Tomas",COL_LION,107.0,277
"Shaffer, Braxton",CAM_CAM,107.0,284
"Greaney, Nick",LOU_BUL,107.0,94
"Mullan, Ryan",KEN_WIL,106.9,199
"Blachowicz, Gavin",NEB,106.9,555
"Nash, Jackson",LON_LAN,106.9,396
"Crider, Nate",LOU_BUL,106.9,311
"Moss, Wylan",UCLA,106.9,545
"Schuerman, Jeter",CSU_BAK,106.9,311
"Scavone, Tommy",PEP_WAV,106.9,732
"Hayse, Aidan",MER_BEA,106.9,207
"Knight, Max",MIS_BEA,106.9,619
"Richard, Karsen",WIC_SHO,106.9,213
"Stieg, Griffin",VIR_TEC,106.9,846
"Downing, John",SET_PIR,106.9,79
"Lugo, Ernesto",FLA_GAT,106.9,185
"Espinoza, Otto",CAL_BEA,106.9,563
"Yarberry, Jackson",IU,106.8,480
"Cormier, LJ",AUB_TIG,106.8,359
"McClaskey, Mickey",GON_BUL,106.8,319
"Collera, Lazaro",MIA_HUR,106.8,775
"Cleveland, Jackson",OKL_SOO,106.8,326
"Evans, Andrew",SIU_SAL,106.8,870
"Abraham, John",FLO_SEM,106.8,545
"Hultquist, Henry",DAV_WIL,106.8,54
"Calveric, Luke",WM_TRI,106.7,420
"Winslow, Ben",YAL_BUL,106.7,377
"Gomez, Cohen",STA_CAR,106.7,451
"Kennedy, Colton",UTA_WOL,106.7,778
"Connell, Shane",TEX_BOB,106.7,165
"Coe, Brady",ABI_WIL,106.7,310
"Phillips, Amp",SOU_GAM,106.7,792
"Knier, Chris",FLO_SEM,106.7,365
"Hamilton, Hudson",TEX_LON,106.7,162
"Steele, Mason",UAB_BLA,106.7,768
"Purcell, Brodie",FLO_SEM,106.6,416
"Guerin, Tyler",IOW_HAW,106.6,533
"Brassfield, Mason",TCU_HFG,106.6,715
"Jones, Jake",CEN_BEA,106.6,251
"Rizy, Mavrick",LSU_TIG,106.6,412
"Berggren, Austin",MIA_RED,106.6,307
"Doran, Scott",COA_CHA,106.6,334
"Bassi, Nick",NIU_HUS,106.5,192
"Teel, Easton",ORA_GOL,106.5,755
"Lewis, Cooper",GEO_PAN,106.5,329
"Eaves, Steele",ARK_RAZ,106.5,378
"Talavs, Drew",SAN_AZT,106.5,700
"Horn, Tyner",NEB,106.5,741
"Spivey, Caden",GIT_YEL,106.5,191
"Dawson, Drew",CHA_BUC,106.5,330
"Taylor, Nathan",CIN_BEA,106.4,922
"Schaefer, Derek",ARI_SUN,106.4,326
"Michael, Peter",LOU_CAR,106.4,310
"Sutton, Ethan",USF_BUL,106.4,389
"Kennedy, Jacob",OKL_COW,106.4,241
"Pumphrey, Cooper",EKU_COL,106.4,259
"Fontenot, Grant",LSU_TIG,106.4,280
"Vorster, Kian",LOU_CAR,106.4,108
"White, Landon",BRY_BUL,106.4,116
"Morgan, Luke",ORE_DUC,106.4,240
"Young, Ike",ILL_ILL,106.4,278
"McDevitt, Josh",MIZ_TIG,106.3,936
"O'Leary, Cade",FLO_SEM,106.3,266
"Sarhatt, Michael",IU,106.3,323
"Jones, Charlie",HIG_PAN,106.3,96
"Sparks, Will",SAL_JAG,106.3,59
"Spurrier, Zak",SAM_BUL,106.3,389
"Ryan, Brayden",MAR_TER,106.3,514
"Harsch, Marcelo",WAK_DEA,106.3,274
"Perry, Gavin",WES_HIL,106.3,761
"Petrovic, Alex",AUB_TIG,106.3,737
"Voegele, Dominic",KAN_JAY,106.3,842
"Shurtleff, Thomas",PEN_QUA,106.3,741
"Olivier, Chris",LAM_CAR,106.3,750
"Roman, Richie",HOU_COU,106.3,204
"Trosclair, Brody",NOR_DEM,106.3,474
"Lee, Justin",UCLA,106.3,165
"Hughes, Ryan",TOL_ROC,106.2,291
"Smith, Miles",KAN_WIL,106.2,267
"Jannicelli, Josh",SAN_GAU,106.2,345
"Jamison, Adam",LIP_BIS,106.2,501
"Bowerman, Josh",ALA_LIO,106.2,100
"Carlon, Cole",ARI_SUN,106.2,900
"Upchurch, Myles",ALA_CRI,106.2,623
"Mendes, Wes",FLO_SEM,106.2,957
"Gray, Nate",BYU_COU,106.2,822
"Gutierrez, Diego",SAN_TOR,106.2,898
"Pendley, Brady",GEO_EAG,106.2,790
"Grim, Ethan",VIR_TEC,106.1,371
"Shannon, Brandon",LOU_CAR,106.1,295
"Roig, Jose",STE_HAT,106.1,133
"Decker-Petty, Aydan",LIB_FLA,106.1,249
"Prisco, Logan",SOU_GAM,106.1,291
"Underwood, Cody",LIP_BIS,106.1,390
"Sampson, Beau",TUL_GRE,106.1,364
"Stiffler, Mac",WES_MOU,106.1,114
"Brown, Dion",CLE_TIG,106.1,330
"Jennings, Parker",OKL_COW,106.1,240
"Norman, Ross",COA_CHA,106.1,749
"O'Brien, Liam",HAW_WAR,106.1,168
"Clark, Jackson",NAV_MID,106.1,358
"Riley, Tyrus",FLO_PAN,106.1,530
"LeMaster, Dane",LIP_BIS,106.1,78
"Voorhies, James",CAL_MAT,106.1,352
"Fay, Tyler",ALA_CRI,106.1,832
"Ellisen, Thomas",GEO_BUL,106.1,240
"Parker, Daniel",COA_CHA,106.1,343
"Kapa, Tyler",VIR_CAV,106.1,344
"Moyzan, Ben",DEL_BLU,106.0,439
"O'Brien, Finbar",GON_BUL,106.0,564
"Owens, Brady",WIC_SHO,106.0,226
"Swenson, Jacob",UCLA,106.0,128
"Urban, Adam",MIN_GOL,106.0,201
"Collier, Trent",OKL_SOO,106.0,256
"Bingler, Alex",JMU_DUK,106.0,60
"Grove, Tanner",CAL_BEA,106.0,155
"Bean, Jake",LOU_CAR,106.0,545
"Yeager, Isaac",ORE_BEA,106.0,276
"Oliva, Steven",UTR_VAQ,106.0,117
"Capacete, Alfredo",CAL_LAN,106.0,240
"Story, Dylan",HIG_PAN,105.9,159
"Kohlhoff, Keagen",MIZ_TIG,105.9,74
"Hargett, Hunter",SAN_BRO,105.9,216
"Rossow, David",CAM_CAM,105.9,723
"Silverstein, Justin",HIG_PAN,105.9,205
"Torres, Jayson",MAR_TER,105.9,111
"Achee, Connor",MCN_COW,105.9,338
"O'Leary, Liam",STJ_RED,105.9,822
"Rhodes, Stormy",OKL_COW,105.9,586
"Hoeckele, Evan",STJ_RED,105.9,312
"Baumler, Trever",TCU_HFG,105.9,548
"Dubie, Peter",BRO_BEA,105.9,647
"Billingsley, Chris",MSU_BDG,105.9,316
"Dempsey, Evan",FGCU,105.9,735
"Caughey, Ciaran",KS_GF,105.9,659
"Tymick, Mason",LON_DIR,105.9,205
"Littleton, Bruce",SOU_GOL,105.9,162
"Sheehy, Ryan",OLD_MON,105.9,164
"Meyer, Myles",MCN_COW,105.9,61
"Mastalski, Ivan",IU,105.8,511
"Cook, Mason",KAN_JAY,105.8,427
"Gillen, Michael",UCF_KNI,105.8,141
"Donnison, Matt",ILL_RED,105.8,51
"Morningstar, Blake",WAK_DEA,105.8,605
"Diaz, Chris",FGCU,105.8,572
"King, Devon",CSD_TRI,105.8,378
"Wade, Lance",MIS_BEA,105.8,236
"Kleinschmit, Ethan",ORE_BEA,105.8,787
"Selvig, Cole",MIN_GOL,105.8,530
"Crews, Jacob",GEO_PAN,105.8,299
"Kruzan, Marcus",MIN_GOL,105.8,269
"Nestler, Jack",STJ_RED,105.8,393
"Alvarez, Andreas",AUB_TIG,105.8,783
"Bagwell, Cameron",WAK_DEA,105.8,658
"Aoki, Caden",GEO_BUL,105.8,678
"Jack, Maddox",OLD_MON,105.7,273
"Mitchell, Samuel",SOU_GOL,105.7,80
"Hargrove, Dawson",SIU_SAL,105.7,273
"Lebron, Alexavier",SOU_JAG,105.7,69
"Bailey, Smith",ARI_WIL,105.7,767
"Kelley, Connor",UTS_ROA,105.7,559
"Goodman, Riley",SOU_GAM,105.7,399
"Manning, Hunter",CAL_ANT,105.7,224
"Ewaldsen, Colin",MER_BEA,105.6,247
"Jacobi, Kaden",IU,105.6,260
"Hetzler, Ryan",AUB_TIG,105.6,240
"Terhaar, Nick",IOW_HAW,105.6,180
"Cespedes, Cristofer",MAR_TER,105.6,514
"Duke, Caden",SAN_SPA,105.6,185
"Golden, Liam",STA_CAR,105.6,131
"Smith, Russ",DAL_PAT,105.6,686
"Durnin, Kade",TCU_HFG,105.6,313
"Allen, Noah",OLE_REB,105.6,102
"Nelson, Danny",CLE_TIG,105.6,280
"Wech, Noah",OKL_COW,105.6,513
"Allen, Andrew",ASU_RED,105.6,449
"Griffin, Ryan",NOR_HUS,105.6,534
"Barna, Cal",UNL_REB,105.6,69
"Webb, Joseph",ECU_PIR,105.6,606
"Norby, Ethan",ECU_PIR,105.5,937
"MacIntosh, Jack",SIU_SAL,105.5,365
"Sleeper, Jackson",JAC_GAM,105.5,397
"Bilka, Ryan",MIA_HUR,105.5,424
"Mulcahy, Dylan",STE_LUM,105.5,255
"Melville, Hayes",ARL_MAV,105.5,306
"Philpott, Alex",SOU_GAM,105.5,161
"Hastings, Logan",MAR_TER,105.5,653
"Edwards, Zach",ORE_BEA,105.5,161
"Holt, Quinn",UTA_WOL,105.5,425
"McCracken, Nolan",MT,105.5,185
"Dobbs, Mason",MTSU_BLU,105.5,186
"Leslie, David",PIT_PAN,105.5,553
"Lewis, Hayden",WAS_HUS,105.5,605
"Lotz, Titus",BGS_FAL,105.5,168
"Granda, Jaden",UNC_SEA,105.5,151
"Linker, Brody",PRE_BLH,105.5,107
"Treto, Anthony",TAR_TEX,105.5,393
"Hertzler, Noah",WM_TRI,105.4,223
"Garewal, Sam",STA_CAR,105.4,335
"Mercurius, LJ",OKL_SOO,105.4,824
"Andrews, Tag",LIT_TRO,105.4,288
"Lankie, Jake",GIT_YEL,105.4,250
"Sanders, Brayden",MT,105.4,236
"Michalak, Jake",OSU_BUC,105.4,535
"Helmick, Tristan",LAF_LEP,105.4,741
"Morse, Colby",IND_SYC,105.4,443
"DeCremer, James",ARK_RAZ,105.4,166
"McGrath, Luke",JMU_DUK,105.4,298
"Aceves, Nathan",SAN_GAU,105.4,833
"Keel, Christian",BRO_BEA,105.4,358
"Manarchuck, Jerome",MSM_MTN,105.4,180
"Schmitz, Paul",HOU_COU,105.4,699
"Wilcox, Carter",IOW_HAW,105.4,173
"Marton, Ryan",UNL_REB,105.4,205
"Davis, Lance",TCU_HFG,105.4,678
"McKee, Tate",GIT_YEL,105.4,847
"Ketelsen, Brock",STA_CAR,105.4,394
"Martel, Olivier",ILL_ILL,105.4,183
"Malone, John",SAM_BUL,105.3,369
"Nell, Christopher",LEH_MOU,105.3,246
"Sdao, Shane",TEX_AGG,105.3,881
"Lollin, Harrison",PEN_NIT,105.3,194
"Bowie, Rhys",WAK_DEA,105.3,342
"Worley, Micah",SBU_SEA,105.3,611
"Gutierrez, Alizaeh",TEX_BOB,105.3,347
"Udland, Connor",HOU_COU,105.3,424
"Gorman, Greg",BRY_BUL,105.3,99
"Koenig, Landon",OLE_REB,105.3,201
"Szczepanski, Tommy",MIC_SPA,105.3,398
"Cross, Colton",MCN_COW,105.3,101
"Kenyon, Cole",UNO_MAV,105.3,127
"Foster, Elijah",SOU_GAM,105.3,149
"White, Jayden",GEO_EAG,105.3,237
"Stevenson, McKale",BEL_BRU,105.3,524
"McKinstry, Tyler",WMI_BRO,105.2,151
"Thornton, Bromley",UNC_SEA,105.2,561
"Roberts, Kellen",EVA_ACE,105.2,314
"Montesa, Dawson",WES_MOU,105.2,876
"Moss, Weston",TEX_AGG,105.2,613
"Cain IV, Harry",KEN_OWL,105.2,372
"Ejike-Charles, Julius",TUL_GRE,105.2,98
"Cavanaugh, Cooper",DAV_WIL,105.2,547
"Cooper, Caden",HOU_COU,105.2,408
"James, David",STB_BON,105.2,516
"Prindl, Henry",CRE_BLU,105.2,79
"Robinson, Justin",ULM_WAR,105.2,363
"Lee, Lorcan",UMA_AMH,105.2,169
"Davis, Kellen",OLD_MON,105.2,402
"Foley, Ethan",CAL_BEA,105.2,663
"Arvidson, Brandon",TEN_VOL,105.2,430
"Cormier, Carson",ILL_RED,105.2,549
"Guth, Luke",VAN_COM,105.2,403
"Lafave, Colton",SAN_AZT,105.2,108
"Jasso, Joseph",CAL_FUL,105.2,226
"Mercurius, Xander",OKL_SOO,105.2,323
"Diaz, Cam",LAM_CAR,105.2,66
"Magers, Wilson",CRE_BLU,105.2,165
"Cornelison, Luke",ARK_RAZ,105.2,92
"DiGiacomo, Fenix",VCU_RAM,105.2,262
"Colucci, Joe",VIR_CAV,105.2,244
"Jaenke, Brandon",MIN_GOL,105.2,215
"Eichenberger, Max",USC_UPS,105.1,364
"Klosterman, Kellan",NOT_IRI,105.1,191
"Mannis, Baron",ABI_WIL,105.1,403
"Johnson, Carson",SAN_AZT,105.1,498
"Carlson, John",CAL_LAN,105.1,143
"Stone, Tyler",VIR_TEC,105.1,55
"Danilowicz, Wyatt",LOU_CAR,105.1,915
"Bass, Daniel",TAR_TEX,105.1,65
"Twist, Toby",ORE_DUC,105.1,356
"Swenson, Erik",MAI_BLA,105.1,114
"Harris, Easton",SOU_COU,105.1,178
"Ross, Nate",CEN_MIC,105.1,177
"Harpster, Michael",ETS_BUC,105.1,776
"Curry, Braden",TOL_ROC,105.1,398
"Blake, Drew",OKL_COW,105.1,181
"Pillsbury, Eli",JAC_GAM,105.1,757
"Andrade, William",NEW_PRI,105.0,754
"Rumberg, Logan",GEO_PAT,105.0,660
"Liggett, Carson",KAN_WIL,105.0,64
"Featherston, Ryan",ORE_DUC,105.0,203
"Long, JT",DAL_PAT,105.0,238
"Chancellor, Abe",AUB_TIG,105.0,75
"Jameson, Caleb",GEO_BUL,105.0,191
"Stammel, Max",VIR_CAV,105.0,696
"Pohorski, Quentin",SAN_DON,105.0,392
"Hancock, Owen",OLE_REB,105.0,230
"Brennan, Teddy",GEO_BUL,105.0,72
"Mack, Landon",TEN_VOL,105.0,860
"Greene, Tyson",SIU_SAL,105.0,159
"Lyne, Blayne",UTS_ROA,105.0,101
"Williams, Spencer",LIB_FLA,105.0,63
"Young, Sam",RIC_SPI,105.0,134
"Lyons, Kendall",UIC_FLA,105.0,529
"Fuller, Kaden",WCC,105.0,195
"Roark, Tyler",ULM_WAR,105.0,501
"Duke, Tanner",KAN_WIL,105.0,532
"Bobb, Coleman",VCU_RAM,105.0,74
"Rivera, Reagan",IU,105.0,581
"Jenkins, Sean",ECU_PIR,105.0,573
"Bartkoski, Will",GEO_PAN,104.9,428
"Coil, Parker",ARK_RAZ,104.9,364
"McDonald, Caden",FLA_GAT,104.9,373
"Borghese, Vincent",RUT_SCA,104.9,699
"Fitzgerald, Colin",PEN_NIT,104.9,526
"Ruden, Chase",SAN_BRO,104.9,151
"Gonzales, Stunner",SAN_GAU,104.9,72
"Boushele, Harrison",HOU_COU,104.9,267
"Hauser, Joe",CRE_BLU,104.9,155
"Costa, John",NOF_OSP,104.9,351
"Howell, William",MT,104.9,847
"Alkire, Johnny",HAW_WAR,104.9,86
"Russell, Aidan",SAN_AZT,104.9,434
"Williams, Isaac",OKL_SOO,104.9,143
"Dahl, Declan",LOU_BUL,104.9,932
"Brachbill, Ty",HIG_PAN,104.9,851
"Gastman, Brett",LIT_TRO,104.9,54
"Kosowick, Mason",GEO_BUL,104.9,103
"Wright, Hazen",NMS_AGG,104.8,555
"Bradley-Cooney, Packy",MIA_HUR,104.8,202
"Barnes II, Matthew",CAL_AGO,104.8,211
"Gregson, Nic",CSD_TRI,104.8,762
"Peterson, Gage",APP_MOU,104.8,872
"Wright, Jett",CAL_BEA,104.8,216
"Speights, Carter",CAL_AGO,104.8,226
"Little, Cody",NOK_NOR,104.8,125
"McNaught, Ray",WIN_EAG,104.8,116
"Moore, Trevor",STA_CAR,104.8,361
"Gregoire, Joshua",SOU_GAM,104.8,270
"Luczak, Andrew",PIT_PAN,104.8,194
"Wertz, Andrew",NOR_HUS,104.8,59
"Koczwara, Mason",FLO_PAN,104.7,281
"Barrett, Jacob",SOU_IND16,104.7,111
"Lucarelli, Christian",VIR_CAV,104.7,226
"Neiswonger, Luke",CEN_MIC,104.7,306
"Hutcheson, AJ",ORE_BEA,104.7,160
"Johnson, Kyle",VIR_CAV,104.7,257
"Skidmore, Elijah",MIZ_TIG,104.7,277
"Valdez, Eric",NEV_WOL,104.7,407
"Zaslaw, Sean",BRY_BUL,104.7,315
"Green, Paul",MIZ_TIG,104.7,137
"Craig, PJ",RID_BRO,104.7,182
"Andrews, Heath",NOR_WOL,104.7,622
"Addison, Logan",TEX_RAI,104.7,206
"Meeks, Drake",SOU_GOL,104.7,97
"Ricken, Reagan",LSU_TIG,104.7,286
"Benge, Connor",LSU_TIG,104.7,87
"Lambert, Garrett",MER_BEA,104.6,768
"Barlow, Billy",FLA_GAT,104.6,269
"Taffe, Ryan",SIE_SAI,104.6,66
"Crotchfelt, Zach",TRO_TRJ,104.6,582
"Panneton, Brian",TAR_TEX,104.6,140
"Teixeira, Timothy",SOU_COU,104.6,622
"McVicker, Lincoln",OSU_BUC,104.6,312
"Meckna, Michael",ORE_DUC,104.6,268
"Vassallo, Dominick",LON_ISL22,104.6,88
"Blatter, Brock",WAS_COU,104.6,77
"Winslow, Drew",OKL_COW,104.6,99
"Hoffman, Kendall",HOU_COU,104.6,830
"Robb, Nicholas",GRA_CAN,104.6,528
"Bell, Jack",EKU_COL,104.6,177
"Dudan, Jacob",NOR_WOL,104.6,816
"Bonn, Nick",CAL_MUS,104.6,433
"Deering, Sawyer",TEN_VOL,104.6,66
"English, McCarty",SOU_GOL,104.6,456
"Lugo-Canchola, Ernesto",FLA_GAT,104.6,271
"Joyner, Carson",ULM_WAR,104.6,157
"Richard, Dawson",NIC_COL,104.5,436
"Ramos, Alex",LON_DIR,104.5,297
"Loch, Marshall",MAI_BLA,104.5,143
"Nance, Anderson",NOR_WOL,104.5,482
"Green, Elijah",NOK_NOR,104.5,234
"Damozonio, John",STM_GAE,104.5,827
"Ahern, Garrett",GRA_CAN,104.5,548
"Carter, Garret",LOU_CAJ,104.5,375
"DeRias, Tate",MIA_HUR,104.5,355
"Dimino, Joe",NOF_OSP,104.5,192
"Wendt, Shea",CRE_BLU,104.5,397
"Thomas, Ethan",TCU_HFG,104.5,291
"Rhudy, Bo",TEN_VOL,104.5,255
"Litman, James",FAU_OWL,104.5,845
"Stewart, Owen",GEO_PAT,104.5,486
"Chabot, Henry",SOU_TRO,104.5,229
"Smith, Noah",CAL_LAN,104.5,77
"Dietrich, Tristan",LIB_FLA,104.5,115
"Grubich, Lleyton",CAM_CAM,104.5,116
"Deibler, Chase",DEL_BLU,104.5,566
"Michel, Jake",TOW_TIG,104.5,204
"Dray, Christian",RIC_SPI,104.5,172
"Stephens, Jordan",GEO_BUL,104.5,199
"Adams, Brandon",NOF_OSP,104.5,376
"Solem, Eli",CAL_AGO,104.4,287
"Thomas, Jackson",WAS_HUS,104.4,491
"Pieto, Dominic",JUD,104.4,144
"Heer, Mitchell",SAL_JAG,104.4,911
"Alba, Jaden",ARI_SUN,104.4,462
"Herrell, Chase",SOU_TRO,104.4,683
"Knaak, Aidan",CLE_TIG,104.4,669
"Lee, Joseph",SAM_BUL,104.4,903
"Lane, Carson",UNL_REB,104.4,719
"Marlatt, Parker",SOU_GAM,104.4,265
"DeVooght, Gavin",MIC_WOL,104.4,318
"Carey, Tate",MIC_WOL,104.4,189
"Branson, Ashton",DAL_PAT,104.4,110
"Woodworth, Joshua",PEP_WAV,104.4,65
"Alexander, Hunter",CEN_BEA,104.4,346
"Soucie, Jackson",KEN_WIL,104.4,196
"Miller, Max",SAL_JAG,104.4,300
"Halverson, Jackson",SAC_HOR,104.4,167
"Dean, Blake",TRO_TRJ,104.4,147
"McDougall, Maddox",JAC_GAM,104.4,594
"Teschke, Luke",ILL_RED,104.4,424
"Kroll, Athan",DAL_PAT,104.4,375
"Moss, Jake",PEN_QUA,104.4,766
"DeTienne, Jack",XAV_MUS,104.3,366
"Edrington, Andrew",OSU_BUC,104.3,250
"Ciscar, AJ",MIA_HUR,104.3,724
"Renfroe, Ryan",KEN_OWL,104.3,173
"Furtado, Josh",MOR_EAG,104.3,170
"Blank, Jackson",RIC_OWL,104.3,218
"Hoyt, Eli",LOU_CAR,104.3,75
"Morrison, Ryan",WIC_SHO,104.3,153
"Desch, Dominic",NEV_WOL,104.3,249
"Kelly, Owen",OLE_REB,104.3,334
"Wicker, Camden",UCF_KNI,104.3,664
"Lauridsen, Gavin",SOU_TRO,104.3,517
"Smith, Parker",LOU_CAJ,104.3,356
"Gosztola, Miles",ORE_DUC,104.3,335
"Rodriques, Michael",YSU_PEN,104.3,174
"Clark, Caleb",NEB,104.3,239
"Frohn, Jake",SAN_AZT,104.2,355
"Luxem, Keegan",UIC_FLA,104.2,68
"Culbreth, Casey",WIN_EAG,104.2,156
"Deacon, Jacob",CIT_BUL,104.2,208
"Mitchell, John D.",BOC_EAG,104.2,126
"Stephens, Brandon",COP_STA,104.2,160
"Tarr, Matthew",NIU_HUS,104.2,283
"Moran, Dallis",STE_HAT,104.2,342
"Lawrence, Trey",MIZ_TIG,104.2,296
"Bowen, Gavin",UNL_REB,104.2,67
"Shearer, Garrett",NOR_CAT,104.2,516
"Wesloski, Nick",OKL_SOO,104.2,126
"Jones, Skylar",NEW_PRI,104.2,243
"Webb, Truitt",SOU_LIO,104.2,473
"Leon, Andy",DUK_BLU,104.2,724
"Etnire, Connor",CSD_TRI,104.2,328
"Krenzel, Brayden",TEN_VOL,104.2,197
"Kirk, William",MSU_BDG,104.2,85
"Gaudette, Caden",GIT_YEL,104.2,286
"Brummel, Henry",ILL_RED,104.2,56
"Naess, Griffin",CAL_MUS,104.2,695
"Decker, Kai",MER_BEA,104.2,224
"Reddemann, Logan",UCLA,104.2,860
"Steitz, Patrick",VCU_RAM,104.2,909
"Becerra, Luis",CAL_LAN,104.2,438
"Spoonhour, Charlie",MIS_BEA,104.2,135
"Harrison, Luke",TEX_LON,104.2,636
"Busick, Zach",LIT_TRO,104.1,582
"Pavia, Niklas",DAY_FLY,104.1,400
"Pezzolo, Jack",CAL_AGO,104.1,368
"Jensen, Sawyer",DAY_FLY,104.1,846
"Blanchet, Adrian",CAL_HIG,104.1,170
"Short, Caleb",LOU_BUL,104.1,79
"Vidlak, Nate",STE_LUM,104.1,177
"Gibson, Michael",CIT_BUL,104.1,587
"Slater, Owen",MIS_BEA,104.1,825
"Feser, Cohen",KAN_WIL,104.1,283
"Ritter, Riane",KAN_JAY,104.1,568
"Schulz, Jakob",VAN_COM,104.1,245
"Poncini, Michael",QUI_BOB,104.1,197
"Brainard, Aidan",NEV_WOL,104.1,658
"Dillhoff, Parker",UNL_REB,104.1,813
"Olivas, Raymond",SAN_GAU,104.1,342
"DiGiacomo, Roman",DUK_BLU,104.1,314
"Snyder, Garrett",NOT_IRI,104.1,120
"Sweeney, Brendan",MSU_BDG,104.1,242
"Caudill, Alex",MAR_THU,104.1,335
"Davenport, Lucas",BAY_BEA,104.1,619
"Marsh, Carson",CIN_BEA,104.1,300
"Uber, Ty",NOT_IRI,104.1,616
"Bodin, Jason",OKL_SOO,104.1,390
"Paone, John",VIR_CAV,104.1,663
"McDuffie, Walker",NOR_TAR,104.1,658
"Healy, Aidan",NAV_MID,104.0,143
"Sotiropoulos, Alex",COL_LION,104.0,735
"Ballard, Carson",GIT_YEL,104.0,311
"Gleason, Jack",MSU_BDG,104.0,334
"Martin-Grudzielanek, Brody",HAW_WAR,104.0,120
"Hensley, Connor",CAM_CAM,104.0,513
"Sanford, Robert",BRA_BRA,104.0,499
"Nichols, Gunnar",WAS_HUS,104.0,615
"Brissey, Mark",ARK_RAZ,104.0,228
"Sterner, Luke",BYU_COU,104.0,259
"O'Brien, Cole",LIP_BIS,104.0,97
"Ciancimino, Joey",PIT_PAN,104.0,246
"Gores, Garrett",GON_BUL,104.0,352
"Kress, Nate",BGS_FAL,104.0,423
"Anderson, Caleb",LON_DIR,104.0,442
"Rucci, Andrew",WAG_SEA,104.0,94
"Gunther, Josh",SOU_GAM,104.0,538
"Hanawalt, Chase",FOR_RAM,104.0,672
"Hubbard, James",UTS_ROA,104.0,193
"Baker, Adam",CHA_FOR,104.0,102
"Whiteman, Jacob",TOW_TIG,104.0,223
"Burch, Landen",MTSU_BLU,104.0,449
"Weaver, Aidan",DUK_BLU,104.0,816
"Czajkowski, Noah",PIT_PAN,104.0,98
"Files, Jud",JAC_GAM,104.0,115
"Reiter, Brandon",PIT_PAN,104.0,90
"Finn, Sean",UCO_HUS,104.0,146
"Mabee, Oliver",UNO_MAV,103.9,92
"Kitchings, Aiden",NOR_WOL,103.9,264
"Archibald, Matt",NAV_MID,103.9,887
"James, Zack",TCU_HFG,103.9,570
"Rising, Luc",NOR_HUS,103.9,450
"Gebhardt, Braden",YSU_PEN,103.9,479
"Davidson, Patrick",AIR_FOR,103.9,129
"Burnette, Carter",WCC,103.9,775
"Alcock, Bobby",ALA_CRI,103.9,260
"Watson, Lucas",UWM_PAN,103.9,120
"Sabers, Zachary",CAM_CAM,103.9,358
"Morris, Austin",ALA_CRI,103.9,212
"Waters, Eli",NIC_COL,103.9,244
"Katskee, Cooper",NEB,103.8,731
"Lutz, Travis",LAM_CAR,103.8,301
"Palmer, Ryne",CAL_LAN,103.8,480
"Yeager, Michael",VIR_CAV,103.8,258
"Scott, Noah",ORE_BEA,103.8,220
"O'Harran, Toran",STA_CAR,103.8,423
"Rubayo, Andrew",QUI_BOB,103.8,300
"Harlow, Andrew",MAR_THU,103.8,926
"Foley, Brian",UMASS_RIV,103.8,269
"Johnson, Conner",ORA_GOL,103.8,541
"McAnelly, Colter",UTA_UTE,103.8,779
"Dally, Jake",BIN_BEA,103.8,259
"Mitchell, John",BOC_EAG,103.8,182
"Murray Jr, Max",UCF_KNI,103.8,312
"Kramer, Jake",PUR_BOI,103.8,374
"Fahnestock, Brody",OAK_GOL,103.8,69
"Fisher, Jordan",APP_MOU,103.8,174
"Collins, Kenyon",MAR_THU,103.8,684
"Garmon II, Brian",SAL_JAG,103.8,131
"Fetchel, Zachary",RIC_OWL,103.8,84
"Morris, Jack",USC_UPS,103.8,77
"Pillot, Braelin",IWC,103.8,166
"Guazzo, Adam",VAL_CRU,103.8,522
"Blakely, Jackson",GIT_YEL,103.8,556
"Kane, Tyler",RUT_SCA,103.8,155
"Mueller, Nathan",TEX_ISL,103.8,112
"Patel, Sahil",OSU_BUC,103.8,153
"Shaw, Trenton",GRA_TIG,103.8,170
"Edmonds, Cameron",HOU_COU,103.8,80
"Neubeck, Tony",IU,103.8,816
"Plog, Ethan",LSU_TIG,103.8,258
"Brooks, Ryder",CAL_ANT,103.8,299
"Stanford, Carter",APP_MOU,103.7,91
"Darden, Ethan",TEX_AGG,103.7,320
"Evans, Jackson",LIB_FLA,103.7,115
"Frizzi, Sam",WES_HIL,103.7,95
"DeVasher, Luke",BAY_BEA,103.7,137
"Updike, Scout",JUD,103.7,65
"Turner, Jack",NMS_AGG,103.7,565
"Lopez, David",HBU_HUS,103.7,628
"Aiken, Davis",COL_CHA,103.7,64
"Pettey, Corden",CAL_MUS,103.7,509
"Rehkow, Ben",WIN_EAG,103.7,325
"Georger, Loren",SLU_BILL,103.7,333
"Brinham, Shane",MIC_WOL,103.7,411
"Morris, Trey",ORE_BEA,103.7,351
"Brown, Zachary",GEO_BUL,103.7,334
"Cienfuegos, Kike",UTR_VAQ,103.7,475
"Shepelsky, Jackson",LEH_MOU,103.7,276
"McCarron, Duke",STJ_HAW,103.7,776
"Leisure, Beau",IOW_HAW,103.7,160
"Ishikawa, Keni",GEO_BUL,103.7,284
"Higgins, John",SET_PIR,103.7,239
"Handal, George",SIE_SAI,103.7,83
"Fontenot, Landon",LOU_BUL,103.7,606
"Unger, J'Shawn",NEB,103.6,365
"Pesca, Mario",OKL_COW,103.6,953
"Papacek, Ethan",BGS_FAL,103.6,101
"Graves, Griffin",AUB_TIG,103.6,51
"Johnson, Andrew",SOU_TRO,103.6,805
"LaPalm, Bennett",DUK_BLU,103.6,251
"Rodriguez, Ryne",HOU_COU,103.6,587
"Sanders, Ethan",RIC_OWL,103.6,875
"Schimmels, Luke",LIT_TRO,103.6,128
"Merritt, Adam",UMA_AMH,103.6,178
"Echols, Jake",FLO_SEM,103.6,119
"Boland, Jacob",PUR_BOI,103.6,320
"Green, Miller",VAN_COM,103.6,51
"Smith, Braden",UCF_KNI,103.6,513
"Flinn, Aidan",ILL_ILL,103.6,418
"Small, Hunter",IND_SYC,103.6,348
"Suiter, Bryce",TEX_RAI,103.6,345
"Heintz, Danny",NOR_WOL,103.6,188
"Evangelista, Jase",UNL_REB,103.5,395
"Mello, Christian",ALB_GRE,103.5,364
"Boone, Oliver",KEN_WIL,103.5,170
"Carr, Kannon",KAN_JAY,103.5,479
"Terronez, Aidan",UIC_FLA,103.5,225
"Kretsch, Sam",STM_GAE,103.5,478
"West, Dakoda",DIX_STE,103.5,793
"Dismute, Myles",SOU_JAG,103.5,159
"Dahlman, Brandon",LIB_FLA,103.5,153
"Johnson, Meade",SIU_SAL,103.5,479
"Exum, Jacob",VIR_TEC,103.5,96
"Kwasny, Zachary",BAL_CAR,103.5,111
"Torres, Tony",ALA_ANM,103.5,145
"Sanders, Jackson",AUB_TIG,103.5,706
"Hall, Edward",DAV_WIL,103.5,394
"Potts, Jake",LIB_FLA,103.5,398
"Adetuyi, Kide",FAU_OWL,103.5,897
"Burke, Jimmy",CRE_BLU,103.5,492
"Mahoney, Tom",NOR_HUS,103.5,50
"Perkowski, Will",DAY_FLY,103.5,123
"Leaman, Cole",LEH_MOU,103.5,435
"Spadaccini, Teo",YAL_BUL,103.5,281
"Catalano, Michael",OKL_SOO,103.5,409
"Stewart, Braxton",NEB,103.5,56
"Hollis, Josh",ORE_DUC,103.5,134
"Lanham, Brody",AUS_GOV,103.5,262
"Mueller, Landon",EMU_EAG,103.5,402
"Varner, Jaden",KS_GF,103.5,76
"Smith, Drew",UCO_HUS,103.5,101
"Kenny, Lex",UNI_WES,103.5,487
"Koenen, Drew",VIR_CAV,103.5,104
"Bennett, Nate",NIA_EAG,103.5,97
"Herrenbruck, Pierce",OSU_BUC,103.4,534
"DiGirolamo, Marco",CAL_HIG,103.4,155
"Staerker, Sam",CAN_GRI,103.4,287
"Kmatz, Zach",ORE_BEA,103.4,203
"Reimers, Ben",STA_CAR,103.4,174
"Gilbert, Bradley",UTA_WOL,103.4,535
"Via, Alex",POR_PIL,103.4,153
"White, Caleb",CAM_CAM,103.4,182
"Hoffberg, Erik",GON_BUL,103.4,549
"Kersey, Braydon",MER_BEA,103.4,162
"Thigpen, Noah",TRO_TRJ,103.4,598
"Watson, Reyn",APP_MOU,103.4,374
"Stewart, Dylan",PEP_WAV,103.4,397
"Madden, Griffin",JMU_DUK,103.4,236
"LeGuernic, Justin",CLE_TIG,103.4,311
"Dressler, Justin",BRY_BUL,103.4,276
"Uelman, Leo",ORE_DUC,103.4,168
"Hillen, Trent",NOR_DEM,103.4,692
"Burrows, Elliott",MCN_COW,103.4,355
"Ruh, Mason",UNC_SEA,103.4,326
"Moore, Slade",MIC_WOL,103.4,108
"Siesky, Dylan",RIC_SPI,103.4,104
"Teague, Nate",VAN_COM,103.4,67
"Pugh, Ryan",DEL_BLU,103.4,547
"Figueroa, Abdriel",SOU_IND16,103.4,639
"Bonilla, Robert",UTR_VAQ,103.4,251
"Harrison, Dylan",CLE_TIG,103.4,355
"Jones, AJ",RHO_RAM,103.4,197
"Kirchner, Jack",RUT_SCA,103.3,313
"Tarsia, Hayden",BIN_BEA,103.3,525
"Richardson, Cole",SOU_GOL,103.3,106
"Luke, Haden",NIC_COL,103.3,590
"Hernandez, Chris",CAL_FUL,103.3,194
"Lazark, Jack",SAN_BRO,103.3,171
"Baker, Ty",RIC_OWL,103.3,265
"Karst, Ryan",IND_SYC,103.3,420
"Hall, Sam",TEX_BOB,103.3,485
"Crawford, Blake",ORE_DUC,103.3,109
"Smith, Weston",WES_MOU,103.3,70
"Blackwood, Rupert",SOU_JAG,103.3,92
"Soto, Saul",HAW_WAR,103.3,61
"Mahoney, Bobby",CAL_FUL,103.3,513
"Yagodzinskie, Drew",MON_HAW,103.3,360
"Appenzeller, Cameron",TEN_VOL,103.3,551
"Hooks, Walker",OLE_REB,103.3,441
"Niehaus, Cameron",CEN_MIC,103.3,211
"Deaton, Brice",NEW_PRI,103.3,144
"Colagrande, Hunter",SBU_SEA,103.2,465
"Day, Chandler",TEN_VOL,103.2,95
"Lane, Michael",DEL_HOR,103.2,64
"Ellingworth, Cooper",TRO_TRJ,103.2,548
"Bott, CJ",UCLA,103.2,89
"McKinney, Collin",ARI_WIL,103.2,362
"De La Torre, Oliver",CAL_BEA,103.2,855
"Culp, Jacob",ILL_RED,103.2,175
"Moore, Jacob",TUL_GRE,103.2,149
"Schaeffer, Jared",DAL_PAT,103.2,634
"Hensarling, Cannon",NIC_COL,103.2,94
"Marsten, Duncan",WAK_DEA,103.2,640
"Austin, Ira",KEN_WIL,103.2,152
"Quinichett, Agyei",NOR_AGG,103.2,201
"Harris, Nate",KEN_WIL,103.2,686
"Berg, Aric",FOR_RAM,103.2,267
"Chambers, John",BAL_CAR,103.2,198
"Mazzacano, Brayden",ILL_ILL,103.2,74
"Diggs, Devin",NOF_OSP,103.2,344
"Rolison, Evan",ETS_BUC,103.2,276
"Vicens, Jamie",GIT_YEL,103.2,109
"Parnell, Shawn",NOK_NOR,103.2,146
"Van Cleve, Blake",LIT_TRO,103.2,111
"Lettow, Rohan",SAN_AZT,103.2,759
"Swygart, Trey",POR_PIL,103.2,195
"Bauer, Patrick",JMU_DUK,103.1,602
"Henry, Austin",SOU_JAC,103.1,197
"Musso, Austin",ARI_SUN,103.1,265
"Parks, Cooper",SOU_GAM,103.1,333
"Floyd, Andrew",SAL_JAG,103.1,143
"Ferguson, Brady",IOW_HAW,103.1,149
"Harrington, Carter",COL_CHA,103.1,655
"Crabtree, Thomas",SOU_GOL,103.1,393
"Nard, Gabe",FLO_SEM,103.1,170
"Bryant, Carson",COL_CHA,103.1,528
"Cooper, Troy",CAL_MUS,103.1,261
"Maclaughlin, Sam",MIS_BEA,103.1,129
"Wilson, Harrison",WIN_EAG,103.1,496
"Bounds, Burkley",KEN_WIL,103.1,309
"Pazdera, James",QUI_BOB,103.1,188
"Buckley, Brock",BUT_BUL,103.1,553
"Kummer, Andrew",USC_UPS,103.1,394
"Mauro, Dominic",CIN_BEA,103.1,418
"Cook, Jackson",SAN_BRO,103.1,425
"Emmons, Kyle",PEN_NIT,103.1,356
"Kuskie, Darin",OLD_MON,103.0,730
"Stone, Brandon",SOU_GAM,103.0,657
"Rushing, Ryan",FGCU,103.0,187
"Weimer, Tyler",ASU_RED,103.0,586
"Appelman, Jaxon",COA_CHA,103.0,394
"Zilis, Brayden",ILL_RED,103.0,121
"Evers, Jackson",JAC_GAM,103.0,179
"Gardner, Grant",APP_MOU,103.0,118
"Wechsberg, Lucien",PEP_WAV,103.0,198
"Timmins, Braylen",TEX_BOB,103.0,157
"Fordham, James",WCC,103.0,618
"August, Tyler",LIB_FLA,103.0,386
"Slaby, Henry",EMU_EAG,103.0,126
"Lastres, Rene",FLO_PAN,103.0,118
"Rodgers, Peyton",CAL_ANT,103.0,235
"Vercoe, Colton",UTR_VAQ,103.0,335
"Sosnowski, Kris",UCF_KNI,103.0,298
"Hutto, Skyler",JAC_GAM,103.0,380
"Coppinger, Paul",MCN_COW,103.0,331
"Paplanus, Malachi",WRI_RAI,103.0,219
"McAninch, AJ",MAR_THU,103.0,169
"Beversdorf, Alec",TEX_BOB,103.0,238
"Ojeda, Ricky",CAL_ANT,103.0,484
"Oliver, Brendin",CIN_BEA,103.0,128
"Stump, Landon",UCLA,103.0,539
"Bernadina, Rocco",KS_GF,103.0,130
"Sova, Carrson",BGS_FAL,103.0,343
"Winter, Jaden",CHA_FOR,103.0,161
"Crowell, Caden",NOT_IRI,103.0,636
"Seidl, Madden",KAN_JAY,103.0,325
"Sharp, Brayden",RIC_OWL,103.0,623
"Walls, Cooper",FLA_GAT,102.9,504
"Abercrombie, Justin",UTA_UTE,102.9,335
"Rager, Cord",OKL_SOO,102.9,512
"Marsh, Owen",BEL_BRU,102.9,192
"Lucas, Brock",MIS_BEA,102.9,574
"Oakley, Reese",MUR_RAC,102.9,233
"Jones, Jeremy",BAL_CAR,102.9,109
"Russell, Duncan",CAL_BEA,102.9,85
"Rudd, Andrew",CAL_LAN,102.9,332
"Santivanez, Nicholas",CAL_FUL,102.9,184
"Arnold, Tristan",UWM_PAN,102.9,163
"O'Neill, Evan",IU,102.9,67
"Cantrell, Fisher",JAC_GAM,102.9,165
"Vander luitgaren, Conner",EVA_ACE,102.9,232
"Emerling, Diego",STM_GAE,102.9,134
"Weiss, Austin",MAR_TER,102.9,129
"Bouche, Alex",ECU_PIR,102.9,129
"Elliott, Hunter",OLE_REB,102.9,828
"Trumpour, Austin",UCO_HUS,102.9,204
"Pollard, Davin",QUN_RYL,102.9,220
"Hayes, Terry",OLE_REB,102.9,218
"Lippman, Hank",WM_TRI,102.9,393
"Banning, Trevor",SAN_BRO,102.9,194
"Montgomery, Cade",MIC_WOL,102.9,404
"Durso, Jack",MIA_HUR,102.9,310
"Warner, Parker",STA_CAR,102.9,472
"Atkinson, Charlie",BAY_BEA,102.9,405
"Possehl, Hunter",FGCU,102.8,534
"Dienes, Jacob",MT,102.8,282
"Robertson, Aiden",VIR_TEC,102.8,500
"Zamora, Ryan",OSU_BUC,102.8,450
"Scheidt, Toby",KAN_JAY,102.8,276
"Burkart, Bauer",PRE_BLH,102.8,313
"Schmolke, Luke",WAK_DEA,102.8,120
"Johnson, Jonah",LOY_LIO,102.8,787
"Miller, Jackson",BGS_FAL,102.8,249
"McKelvey, Grayson",ABI_WIL,102.8,119
"Darden, Nathan",LAM_CAR,102.8,218
"Keffaber, Grant",KS_GF,102.8,93
"Cawley, Declan",FOR_RAM,102.8,496
"Kugler, Nate",DAR_GRE,102.7,294
"Konstantinovsky, Zack",RUT_SCA,102.7,741
"Gould, Brian",CRE_BLU,102.7,245
"Crumpton, Kelly",ALA_LIO,102.7,153
"Niedringhaus, Jack",UMA_AMH,102.7,78
"Hammond, Max",CEN_MIC,102.7,202
"Harrison, Dallin ",RUT_SCA,102.7,494
"Freche, Logan",SOU_LIO,102.7,274
"Rizzo, Garren",SOU_TRO,102.7,156
"Jackson, Trevor",SLU_BILL,102.7,134
"Spalliero, Ryan",CAL_BEA,102.7,188
"Gibler, Cole",ARK_RAZ,102.7,572
"Kranzler, Alex",VAN_COM,102.7,498
"Clark, Cole",CAL_BEA,102.7,341
"Carpio, Julius",LAM_CAR,102.7,317
"Flynn, Conner",RID_BRO,102.7,128
"Cleavinger, Grant",NEB,102.7,95
"Hench, Ryan",COL_CHA,102.7,305
"Lally, David",MIC_WOL,102.7,499
"Holland, Tucker",UNC_SPA,102.7,108
"Henderson, Rex",NEW_PRI,102.7,240
"Kuhnke, Camden",UWM_PAN,102.6,145
"Gomberg, Jacob",UNL_REB,102.6,275
"Lewis, Hiram",WOF_TER,102.6,151
"Gay, Justin",RIC_SPI,102.6,324
"Oswalt, Davis",MT,102.6,434
"Gilley, Brayden",WIN_EAG,102.6,799
"Gonzalez, Ruben",UTR_VAQ,102.6,99
"Ludeman, Matt",PAC_TIG,102.6,83
"Suchy, Cayden",UCO_HUS,102.6,709
"MIranda, Evan",SAN_AZT,102.6,60
"Douglas, Tanner",ORE_BEA,102.6,63
"Moore, Cole",IOW_HAW,102.6,122
"Sasse, Brady",TOL_ROC,102.6,296
"Phillips, Jase",SOU_COU,102.6,579
"Martin, Landon",CAL_FUL,102.6,100
"Brandenburg, Tommy",WAS_HUS,102.6,301
"Robinson, Caden",MT,102.6,86
"Brosnan, Reid",ETS_BUC,102.5,452
"Howell, Griffin",EKU_COL,102.5,363
"Euper, Casey",PEP_WAV,102.5,687
"Vaughan, Everett",VCU_RAM,102.5,362
"Fricker, Luke",MIZ_TIG,102.5,76
"Korn, Ian",WES_MOU,102.5,509
"Wells, Mateo",HIG_PAN,102.5,454
"Suriel, Breyllin",IND_SYC,102.5,442
"Farrell, Jackson",ORA_GOL,102.5,242
"Finarelli, Nick",LON_ISL22,102.5,299
"Van Tuyle, Aaron",RIC_SPI,102.5,169
"Ong, Felix",UNL_REB,102.5,570
"Yearwood, Alexander",TEX_BOB,102.5,226
"Hope, Jett",AUS_GOV,102.5,118
"Tierney, Eddie",NEV_WOL,102.5,194
"Wade, Jack",WAS_HUS,102.5,291
"Higgins, Calen",TEX_LON,102.5,162
"Bosse, Ben",TAR_TEX,102.5,140
"Oxborrow, Chayse",CHA_FOR,102.5,444
"Schlecht, Samuel",SOU_JAC,102.5,248
"Herrick, Peter",SAN_SPA,102.5,271
"Hicks, Garrett",ARI_WIL,102.5,326
"Strange, Brian",ELO_PHO,102.5,796
"Waugh, Landon",MOR_EAG,102.5,505
"Gonzalez, Cesar",BOC_EAG,102.5,376
"Dye, Mitch",ILL_ILL,102.4,601
"Holiday, Talan",NOR_TAR,102.4,81
"Fisher, Jude",OSU_BUC,102.4,144
"Sejnoha, Trey",DAR_GRE,102.4,297
"Gardner, Ethan",DIX_STE,102.4,188
"Grubbs, Max",TEX_LON,102.4,319
"Ash, Trenton",MIS_BEA,102.4,430
"Consiglio, Cooper",NOR_WOL,102.4,656
"Bristow, Tristan",VAN_COM,102.4,123
"Schutte, Nic",MUR_RAC,102.4,703
"Allen, Cameron",WRI_RAI,102.4,611
"Griffis, Dayson",GEO_EAG,102.4,160
"Hartman, Lucas",VIR_CAV,102.4,748
"Kimble, Caleb",HOU_COU,102.4,200
"Kimball, Roman",UCF_KNI,102.4,201
"Muck, Karter",XAV_MUS,102.4,208
"Kling, Corey",ARI_WIL,102.4,426
"Clevidence, Jack",QUN_RYL,102.4,250
"Powell, Daniel",KEN_OWL,102.4,635
"Halcisak, Josh",MSM_MTN,102.4,353
"Lee, Oisin",NOT_IRI,102.4,213
"Bevis, Logan",TEX_RAI,102.4,301
"Sites, Aiden",TOW_TIG,102.4,238
"Moore, Nolan",TEX_BOB,102.4,93
"Evans, Zachary",ARL_MAV,102.4,282
"Pruitt, Sawyer",LOU_CAJ,102.4,863
"Gregory, Billy",GRA_CAN,102.4,203
"Smith, Brycen",NEW_PRI,102.4,131
"Yeager, Jake",MAR_TER,102.4,557
"Hippensteel, Max",CAL_AGO,102.3,103
"Bouchard, Alec",WOF_TER,102.3,781
"Bosch, Ryan",WAK_DEA,102.3,166
"Klug, Austin",PUR_BOI,102.3,568
"Hawks, Kamden",MOR_EAG,102.3,592
"Kirby, Jace",SIU_SAL,102.3,71
"Burns, Jackson",TEX_RAI,102.3,728
"Cherico, Ben",SLU_BILL,102.3,735
"Mendez, Connor",ORE_BEA,102.3,213
"Williams, Riley",MSM_MTN,102.3,200
"Lang, Luke",ION_GAE,102.3,192
"Whiteside, Jon",DAY_FLY,102.3,714
"Castrichini, Joe",LON_LAN,102.3,373
"Perez, David",WES_MOU,102.3,222
"Spagnoli, Reno",HOF_PRI,102.3,80
"King, Aidan",FLA_GAT,102.3,841
"Cunnings, Cam",GRA_CAN,102.3,213
"Royer, Cole",KEN_OWL,102.3,176
"Hulcher, Jackson",DEL_BLU,102.3,554
"Rumpf, Brennan",MAI_BLA,102.3,215
"Marionneaux, Dylan",NOR_DEM,102.3,689
"Boully, Bryan",FAU_OWL,102.3,227
"Stukes, Brent",USC_UPS,102.3,724
"Newman, Jeremiah",AKR_ZIP,102.3,196
"Jones, Andrew",VIR_KEY,102.3,577
"Pacha, Brady",WIC_SHO,102.3,413
"Cottrill, Josh",LON_LAN,102.2,50
"Cowen, Brendan",VIR_CAV,102.2,69
"Wallace, Zack",BAY_BEA,102.2,585
"Williams, Lance",MAR_TER,102.2,729
"Bell, Sam",UMBC_RET,102.2,108
"VanDeHatert, Aiden",DAL_PAT,102.2,335
"Fyke, Kai",OKL_COW,102.2,625
"Caruso, Michael",GEO_PAN,102.2,597
"McShane, Dylan",PAC_TIG,102.2,67
"Ashford, Ryan",ASU_RED,102.2,358
"Estes, Brady",CAL_MUS,102.2,453
"Davis, Carson",TEN_TEC,102.2,233
"De Graauw, Gio",SIU_SAL,102.2,104
"Fried, Jacob",LOY_LIO,102.2,212
"Harper, Thomas",ILL_RED,102.2,535
"Rusch, Cade",BEL_KNI,102.2,136
"Belardes, Alec",SAN_AZT,102.2,717
"Penswick, Robbie",ARM_BLA,102.2,390
"Kouser, Matt",NOR_CAT,102.2,293
"Gaspard, Jackson",MER_BEA,102.2,249
"Marton, Kurt",SAC_HOR,102.2,599
"Pudenz, Payton",CSU_BAK,102.2,150
"Turner, Jacob",BGS_FAL,102.2,351
"Walton, Ryker",AUS_GOV,102.2,416
"Smith, Steven",APP_MOU,102.2,87
"Boesel, Carson",WAS_HUS,102.2,364
"Montgomery, Kellan",SAN_GAU,102.2,807
"Payamps, Andrelys",ION_GAE,102.2,346
"Skarich, Sam",ULM_WAR,102.2,145
"Kuzniewski, Gavin",OSU_BUC,102.1,712
"Fink, Carter",KAN_JAY,102.1,178
"Greer, Jackson",PUR_BOI,102.1,120
"McGuire, Tommy",GRA_CAN,102.1,252
"Kucy, Ryan",STB_BON,102.1,156
"Stancil, Jace",COL_CHA,102.1,958
"Lanz, Cooper",SAN_BRO,102.1,401
"Hensley, Reid",OKL_SOO,102.1,171
"Sitton, Jacob",UTM_SKY,102.1,423
"Curless, Tristan",ETS_BUC,102.1,115
"Smith, Brian",CAN_GRI,102.1,171
"Puffinbarger, Luke",ORA_GOL,102.1,54
"Pesci, Anthony",ALA_CRI,102.1,83
"Cowan, Zac",LSU_TIG,102.1,348
"Hansmann, Max",EVA_ACE,102.1,928
"Brown, Justin",MIC_WOL,102.1,65
"Kouser, Matthew",NOR_CAT,102.1,436
"Lopez, Sergio",UTR_VAQ,102.1,739
"Palmer, Laif",CAL_MUS,102.1,238
"Lawrence, Jayden",SOU_JAG,102.1,105
"Chaudoin, Preston",MUR_RAC,102.1,108
"Smith, Peyton",VIR_TEC,102.1,109
"Lavigueur, Luc",RHO_RAM,102.1,253
"Lobs, John",WCC,102.1,206
"Knight, Logan",CIN_BEA,102.1,725
"Keen, Chase",OHI_BOB,102.1,97
"Bartlett, Nathan",BAL_CAR,102.1,65
"Newmann, Trey",POR_PIL,102.1,252
"Wheeler, Owen",MAI_BLA,102.1,164
"Dickinson, Jack",NIA_EAG,102.1,101
"Hansen, Dylan",WIN_EAG,102.1,171
"Gladden, James",MAR_TER,102.1,305
"Valentin, Alex",SOU_GAM,102.1,515
"Hamilton, Connor",VAN_COM,102.0,446
"Brooks, Grant",JUD,102.0,54
"Smathers, Kody",CAL_LAN,102.0,308
"O'Connor, Robbie",NOR_HUS,102.0,269
"Theis, Gavin",UWM_PAN,102.0,350
"Jordan, Will",TEX_RAI,102.0,276
"Castillo, Ryan",MEX_LOB,102.0,279
"Lowry, Cort",TAR_TEX,102.0,391
"Perez, Sebastian",CHA_FOR,102.0,386
"Clover, Caleb",VCU_RAM,102.0,369
"Harper, Jayden",CAL_FUL,102.0,461
"Harris, Leighton",KEN_WIL,102.0,230
"Underwood, Cooper",GIT_YEL,102.0,269
"Adams, Zane",ALA_CRI,102.0,917
"Stahl, Zane",LOU_CAR,102.0,129
"Martin, Tommy",MAI_BLA,102.0,331
"Palmer, Blaine",ABI_WIL,102.0,97
"Peterson, Winston",PEP_WAV,102.0,111
"Uebelhor, Mick",WES_HIL,102.0,442
"Lowe, Jon",TEX_RAI,102.0,360
"Bowen, Ethan",STJ_HAW,102.0,60
"Gilpin, Nick",STJ_RED,102.0,129
"Brewer, Garrett",AUB_TIG,102.0,273
"Prince, Preston",FLO_PAN,102.0,534
"Sipila, Marko",OLE_REB,102.0,90
"Blaszczak, Nick",GAR_RUN,102.0,64
"Bruno, Matt",GEO_COL,102.0,365
"White, Carter",EMU_EAG,102.0,302
"Jackman, Luke",GEO_HOY,102.0,124
"Smithburg, Nate",OKL_SOO,102.0,130
"Kipp, Kyle",BOC_EAG,102.0,481
"Achey, Thomas",STE_HAT,102.0,191
"Alicea, Edwin",USF_BUL,101.9,751
"Puckett, Brock",LIP_BIS,101.9,118
"Horn, Darin",COA_CHA,101.9,680
"Hoover, Chase",SAN_GAU,101.9,459
"Johnson, Maxwell",STM_GAE,101.9,128
"Gonzalez, Daniel",SAL_JAG,101.9,785
"Greene, Bryce",JMU_DUK,101.9,151
"Allen, Cooper",UNC_SEA,101.9,681
"Shelby, Hogan",LON_DIR,101.9,165
"Leduc, Zachary",BAL_CAR,101.9,115
"Foster, Cooper",FLO_PAN,101.9,374
"Barr, Kurt",MIC_WOL,101.9,713
"Farley, Paul",GEO_BUL,101.9,477
"Ladd, Raymond",RAD_HIG,101.9,510
"Lafkas, Joseph",BAL_CAR,101.9,89
"Sarantos, Lukas",STM_GAE,101.9,343
"Louck, Brady",ARI_SUN,101.9,88
"Capocci, Francesco",UNC_SEA,101.9,400
"Maloney, Collin",ASU_RED,101.9,437
"Messmore, Jack",YSU_PEN,101.9,358
"Noot, Jaden",LSU_TIG,101.9,135
"Moreno, Matthew",LOY_LIO,101.9,274
"Marx, Brayden",BYU_COU,101.9,225
"Franco, Samuel",MER_COL1,101.9,77
"McManmon, Quinten",FLO_PAN,101.8,229
"Benes, Seth",LIN_UNI,101.8,745
"Toney, Brock",GRA_CAN,101.8,156
"Shumard, Cade",NMS_AGG,101.8,160
"Shuey, Hunter",UNC_SPA,101.8,576
"Barrett, Ben",FLO_SEM,101.8,80
"Lafferty, Drew",PIT_PAN,101.8,407
"Ruthardt, Keaton",ORA_GOL,101.8,117
"Butler, David",CAL_ANT,101.8,107
"Parsky, Izzy",DAR_GRE,101.8,157
"Munn, Drew",CHA_FOR,101.8,501
"Kane, Connor",COA_CHA,101.8,328
"Leon, Pedro",HOL_CRU,101.8,335
"Galusha, Thomas",BRY_BUL,101.8,209
"Kahalekai, Ka'imi",LON_DIR,101.8,316
"Boisvert, David",DUK_BLU,101.8,139
"Galindo, David",UTA_UTE,101.8,90
"Sauser, Matt",UCF_KNI,101.8,529
"Coats, TJ",MIA_HUR,101.8,533
"Matthews, Caleb",HBU_HUS,101.8,96
"Regulski, Jordan",DUK_BLU,101.7,240
"Schell, Adyn",MIS_BEA,101.7,207
"Crall, Abe",WRI_RAI,101.7,161
"Payne, Luke",ECU_PIR,101.7,269
"Haines, Dillon",DAL_PAT,101.7,90
"Sanders, Trey",SAM_BUL,101.7,262
"Holewinski, Evan",KS_GF,101.7,412
"Sanford, Braydon",ORA_GOL,101.7,243
"Moore, Cooper",LSU_TIG,101.7,477
"Alexander, Luke",JMU_DUK,101.7,513
"Riera, Niko",LOY_LIO,101.7,413
"Borrero, Ismael",MER_BEA,101.7,223
"Krebs, Charlie",MAR_THU,101.7,351
"Malecha, Peyton",DAY_FLY,101.7,194
"Hess, Tate",DAL_PAT,101.7,213
"Remington, Kyle",ILL_ILL,101.7,405
"Weber, Zach",OSU_BUC,101.7,114
"Anderson, Caleb",DUK_BLU,101.7,292
"Cahill, Riley",DAY_FLY,101.7,214
"Cunningham, Grant",TEX_AGG,101.7,274
"Waibel, Cade",BAY_BEA,101.7,53
"Lemke, Peter",DUK_BLU,101.7,606
"Shapiro, Evan",WMI_BRO,101.7,221
"Wilson, James",JAC_GAM,101.7,176
"Rabatin, Ben",KS_GF,101.7,507
"Beattie, Jackson",NAV_MID,101.7,248
"Sliwkowski, Andrew",UMA_AMH,101.7,103
"Stevens, Zach",SAL_JAG,101.7,428
"Foster, Tyler",CAL_ANT,101.7,285
"Brown III, Robert",PEN_NIT,101.7,181
"Sabbath, Joe",RHO_RAM,101.7,585
"Fitzgibbon, Matt",STJ_HAW,101.7,433
"Arndt, Owen",JAC_GAM,101.7,57
"Kosel, Brandon",DIX_STE,101.7,537
"Gannon, Reed",ILL_ILL,101.6,423
"Young, Joey",XAV_MUS,101.6,291
"Mustard, Cade",ELO_PHO,101.6,153
"Horn, David",MTSU_BLU,101.6,829
"Topolski, Chase",RIC_SPI,101.6,635
"Hayes, Adam",TEX_RAI,101.6,297
"Deleo, Asher",XAV_MUS,101.6,86
"Willcox, Charlie",GIT_YEL,101.6,260
"Alleman, Tyler",SAN_BRO,101.6,326
"Miller, Alex",MOR_EAG,101.6,558
"Behrens, Adam",LOY_LIO,101.6,837
"Slagle, Tate",IOW_HAW,101.6,149
"Kenyon, Cole",BEL_BRU,101.6,223
"Hansen, Eben",SOU_IND16,101.6,278
"Polk, Howell",HIG_PAN,101.6,71
"Brennecke, Ryan",WAK_DEA,101.6,61
"Caravalho, Joshua",HBU_HUS,101.6,633
"McBean, Alito",SAN_AZT,101.6,108
"Barkal, Oliver",MER_COL1,101.6,190
"Poole, Owen",XAV_MUS,101.6,367
"Michaels, Kenny",WOF_TER,101.6,425
"Kinder, Jarrett",EIU_PAN,101.6,147
"Davis, Ben",MSU_BDG,101.6,431
"Bayer, Ty",KEN_OWL,101.6,558
"Parson, Grant",IND_SYC,101.6,167
"Curtis, Samuel",CEN_BEA,101.6,75
"Jones, Gavin",KS_GF,101.5,253
"Riley, Owen",VIR_KEY,101.5,71
"Hardebeck, Kameron",HBU_HUS,101.5,72
"Andolina, David",LEH_MOU,101.5,321
"Larisa, Vaun",MAI_BLA,101.5,394
"Dorn, Jacob",MIA_HUR,101.5,378
"Goff, Dylan",CAL_FUL,101.5,155
"Wickersham, Kaden",WAS_COU,101.5,192
"Lazaro, Daniel",VIR_TEC,101.5,226
"Murphy, Mason",SAM_BEA,101.5,162
"Stockton, Bryce",SAC_HOR,101.5,205
"Holbert, Elias",VCU_RAM,101.5,534
"Horst, Chase",JAC_GAM,101.5,239
"Hartman, Colton",LOU_CAR,101.5,609
"Mann, Brandon",MIC_WOL,101.5,81
"Oram, Camden",SEA_RED,101.5,230
"Plumley, Ben",ILL_ILL,101.5,310
"Todd, Niall",GEO_PAN,101.5,169
"Dallas, Matthew",WAK_DEA,101.5,55
"Hoyt, Ivan",DAV_WIL,101.5,257
"Kramkowski, Owen",ARI_WIL,101.5,717
"Mattison, Connor",KEN_WIL,101.5,394
"Hickman, Tate",SAM_BEA,101.4,168
"Thurmond, Eli",NOT_IRI,101.4,319
"Mackowiak, Garrett",CAL_BEA,101.4,93
"Sweeney, Parker",COL_CHA,101.4,386
"Fine, Dillon",UTA_UTE,101.4,185
"Smith, Dylan",SAN_SPA,101.4,256
"Brown, Trip",CIT_BUL,101.4,396
"Seo, Ryan",CAL_FUL,101.4,68
"Castles, Caden",CAL_ANT,101.4,138
"Gore, Jaxson",WAS_HUS,101.4,330
"Campbell, Jackson",STJ_HAW,101.4,251
"Bender, Zachary",LOY_LIO,101.4,322
"Papenbrock, Tyler",LOU_CAJ,101.4,296
"Sneddon, Colton",NMS_AGG,101.4,497
"Shaprow, Owen",UMBC_RET,101.4,83
"Schultz, Jacob",BUC_BIS,101.4,304
"Padgett, Cam",NOR_TAR,101.4,242
"Wisenbaker, Cole",KAN_WIL,101.4,76
"Araiza, Issac",SAN_AZT,101.4,235
"McCown, Gage",CAL_MAT,101.4,108
"Barfield, Jaden",OKL_SOO,101.4,115
"Lanford, Cole",OLD_MON,101.4,379
"Paul, Aidan",HIG_PAN,101.4,677
"Robinson, Cooper",WRI_RAI,101.4,128
"Hackett, Justin",IOW_HAW,101.4,294
"Hemmerling, Reece",USC_UPS,101.4,345
"Helmers, Christian",UAB_BLA,101.4,464
"Patel, Mason",GIT_YEL,101.4,266
"Russell, Zach",SOU_GAM,101.4,357
"Welk, Drew",SLU_BILL,101.4,246
"Chatterton, Christian",AUB_TIG,101.4,267
"Nikolis, Trevor",NOF_OSP,101.4,354
"Walker, Brendan",STE_HAT,101.4,186
"Taylor, Nate",VAN_COM,101.4,387
"Johnson, Zakery",SAM_BEA,101.3,235
"Titsworth, Drew",CLE_TIG,101.3,447
"Ellis, Ryan",CAL_MAT,101.3,73
"Zufall, Ethan",BYU_COU,101.3,352
"Farr, Kevin",SOU_GOL,101.3,70
"Bacura, Nick",SAN_DON,101.3,243
"Kinneen, Liam",PRI_TIG,101.3,864
"Reese, Nick",HOF_PRI,101.3,383
"Beranek, Bryant",MTSU_BLU,101.3,355
"Koshy, Andrew",MAR_TER,101.3,575
"Hohensee, Jackson",AUS_GOV,101.3,171
"Cox, Brice",SOU_RED,101.3,134
"Geis, Jake",LOY_LIO,101.3,520
"Faccio, Brett",YAL_BUL,101.3,309
"Steckmesser, Evan",ALA_CRI,101.3,291
"Bailey, Hayden",CEN_MIC,101.3,515
"Johnson, Josh",SAN_BRO,101.3,273
"Hays, James",STE_HAT,101.3,795
"Kolenda, Jordan",KS_GF,101.3,281
"Flores, Jason",TEX_LON,101.3,128
"Eddy, Brok",WIC_SHO,101.3,117
"Causey, Dylan",SOU_GOL,101.3,84
"McLeod, Luke",BAY_BEA,101.3,194
"Knight, Grayson",JAC_GAM,101.3,91
"Brodnax, Adam",ULM_WAR,101.3,764
"Shatwell, Kade",AUS_GOV,101.3,326
"Soignier, William",BRA_BRA,101.3,212
"Felder, Ross",MIS_BEA,101.3,621
"Diehl, Liam",TOW_TIG,101.3,336
"Lay, Ethan",SAC_HOR,101.3,840
"Laird, Caydon",SOU_IND16,101.3,123
"White, Caide",CEN_BEA,101.3,323
"Guerrero, JT",GRA_CAN,101.3,770
"Aluko, Simon",FGCU,101.3,133
"Gilmore, Gunner",AIR_FOR,101.3,225
"Feld, Justin",GON_BUL,101.3,476
"Fordham, JR",LON_LAN,101.3,407
"Grant, Dane",CAL_ANT,101.3,227
"Neuenschwander, Kade",SAM_BEA,101.2,129
"Spiegel, Justin",VIR_KEY,101.2,302
"Hampton, Jeremiah",PRE_BLH,101.2,447
"Cartron, Chase",TRO_TRJ,101.2,68
"Castillo, Daniel",ION_GAE,101.2,57
"Flores, Matt",KAN_WIL,101.2,314
"Coleman, Will",KEN_WIL,101.2,164
"Reavey, Kevin",ARM_BLA,101.2,786
"Albarran, Abel",MTSU_BLU,101.2,394
"Storjohann, Peter ",CAL_AGO,101.2,249
"Albanese, Tyler",SAN_SPA,101.2,84
"Zielinski, Michael",WRI_RAI,101.2,267
"Hoagland, Charlie",ECU_PIR,101.2,242
"Crowe, Owen",MSM_MTN,101.2,217
"Yorek, Landen",USF_BUL,101.2,336
"Jones, Cooper",ETS_BUC,101.2,321
"Domke, Chris",OSU_BUC,101.2,629
"Harrigan, Will",COL_LION,101.2,444
"Tuttoilmondo, Joey",TOW_TIG,101.2,216
"Santana, Thomas",COL_LION,101.2,714
"Engle, Harrison",FAI_STA,101.2,122
"LeBlanc, Jacob",NOR_DEM,101.2,301
"Taylor, Jake",COL_LION,101.2,70
"Hustedde, Jacob",MUR_RAC,101.2,535
"Harrington, Cooper",LIB_FLA,101.2,643
"Cameron, Taggert",FLO_PAN,101.2,82
"Lloyd, Jaxon",LON_LAN,101.2,676
"Lobell, Blake",SOU_LIO,101.2,804
"Wilmoth, Joey",ILL_RED,101.2,73
"Lanman, Brett",ABI_WIL,101.2,666
"Molina, Matthew",TEX_ISL,101.2,100
"Mabry, Will",NIC_COL,101.2,265
"Singleton, Dylan",NOT_IRI,101.2,342
"Bing, Kade",TEX_LON,101.2,125
"Barrett, Hudson",OKL_COW,101.2,374
"Barton, Payton",UIC_FLA,101.1,231
"Eaton, Elliott",PRI_TIG,101.1,653
"Jenkins, Jerrod",DAL_PAT,101.1,546
"Towers, Ryan",ECU_PIR,101.1,373
"Thomas, Brayton",IU,101.1,694
"Chicoli, Connor",SOU_GAM,101.1,325
"Encalada, Emir",IWC,101.1,419
"Wagner, Reece",NCB,101.1,473
"Sierra, Enrique",FLO_PAN,101.1,591
"Kramkowski, Tommy",MIS_BEA,101.1,89
"Bryan, Sam",PIT_PAN,101.1,210
"Gatti, JJ",OLD_MON,101.1,677
"Wall, Finnegan",CAL_ANT,101.1,469
"Christopher, Stephen",WM_TRI,101.1,270
"Stanton, Adam",CHA_FOR,101.1,447
"Bell, Tadan",ETS_BUC,101.1,722
"Bassett, Tyler",VIR_KEY,101.1,182
"Boyle, Nick",XAV_MUS,101.1,101
"Lewis, Jax",GEO_EAG,101.1,408
"Kidd, Ricky",WMI_BRO,101.1,289
"Stewart, Thomas",VIR_CAV,101.1,71
"DiRito, Nick",APP_MOU,101.1,724
"Donahue, John",SET_PIR,101.1,172
"Sweeney, Justin",STJ_HAW,101.1,238
"Lee, Peyton",ARK_RAZ,101.1,237
"Staszak, Nick",MER_BEA,101.1,130
"Seely, Carter",UTA_WOL,101.1,215
"Bade, Kyle",SAN_TOR,101.1,507
"Meyer, Maddox",UNO_MAV,101.1,450
"Hsu, Brandon",GEO_PAT,101.1,305
"Walton, Wade",HIG_PAN,101.1,740
"Coyne, Marty",PEN_QUA,101.1,804
"Fortes, Michael",DAY_FLY,101.1,310
"Brock, Logan",KEN_OWL,101.0,274
"Burke, Thomas",GEO_EAG,101.0,422
"Childers, Corben",WOF_TER,101.0,158
"Bryan, Lance",MT,101.0,181
"Hamilton, Denver",CEN_BEA,101.0,219
"Samol, Noah",CLE_TIG,101.0,90
"Henson, Kayden",CSD_TRI,101.0,135
"Brousseau, Daniel",BYU_COU,101.0,312
"Moeller, Luke",GRA_CAN,101.0,72
"Mohan, Connor",TEX_RAI,101.0,598
"Harris, Grayden",SOU_GOL,101.0,778
"Ohm, Ryan",ILL_ILL,101.0,243
"Egan, Tommy",TRO_TRJ,101.0,825
"Voytko, Fawster",IWC,101.0,453
"O'Connor, Jack",UCLA,101.0,164
"DeMell, Ben",PEN_NIT,101.0,184
"Marciano, Jake",AUB_TIG,101.0,842
"Smith, Koen",FOR_RAM,101.0,88
"Grundman, Gannon",MIC_SPA,101.0,417
"Alderman, Chase",KEN_WIL,101.0,250
"Klug, Josh",MIC_SPA,101.0,81
"Nochowitz, Matthew",DUK_BLU,101.0,333
"Torres, Christian",USC_UPS,101.0,509
"Gregory, Ben",MIN_GOL,101.0,255
"Barr, Preston",MIC_WOL,101.0,126
"Mazza, Joe",RUT_SCA,101.0,443
"Nielson, Cameron",UTA_UTE,101.0,237
"Strohecker, Jonathan",JMU_DUK,101.0,120
"Bassinger, Reese",WES_MOU,101.0,463
"Fox, Brady",UMBC_RET,101.0,344
"Kerbow, Dylan",TEX_BOB,101.0,132
"Clarke, Collin",ORE_DUC,101.0,713
"Evans, Karson",NEW_PRI,100.9,73
"Sargeant, Matthew",NOR_BIS,100.9,103
"Madison, Ty",SOU_JAC,100.9,204
"Bennett, Jack",KEN_WIL,100.9,362
"Todorowski, Triston",SOU_LIO,100.9,334
"Miller, Brady",BOC_EAG,100.9,497
"Mitchell, Sam",ALA_CRI,100.9,360
"Johnson, Jeb",MER_BEA,100.9,584
"Swink, Josh",LIB_FLA,100.9,409
"Geshel, James",EIU_PAN,100.9,421
"Hatcher, Mason",RAD_HIG,100.9,313
"Sanderoff, Tanner",HOF_PRI,100.9,246
"Nardacci, Ethan",ALB_GRE,100.9,287
"Robinson, Zach",UMBC_RET,100.9,577
"Jackson, Donovann",SAN_GAU,100.9,213
"Trombley, Joey",UCF_KNI,100.9,245
"Hobb, Jerek",GAR_RUN,100.9,118
"Brown, Quincey",CSD_TRI,100.9,206
"Fowler, Jack",PEP_WAV,100.9,334
"Phillips, Ayden",JUD,100.9,76
"Robertson, Aaron",WES_HIL,100.9,513
"Reyes, Juan",USC_UPS,100.9,257
"Brown, Gunnar",UTS_ROA,100.9,550
"Nino, Nathen",PAC_TIG,100.9,119
"Nuanez, Johnny",WIC_SHO,100.9,446
"Nieto, Dylan",CAL_FUL,100.9,148
"Boaz, Folger",NOR_TAR,100.9,556
"Blum, Brady",DEL_BLU,100.9,252
"Bland, Yates",UNL_REB,100.9,494
"Coulter, Bradley",CIN_BEA,100.9,53
"Pineau, Jack",CRE_BLU,100.9,810
"Mannell, Kevin",NEB,100.9,220
"Chapman, Finn",STM_GAE,100.9,155
"Smith, Evan",MAR_TER,100.9,625
"Foss, Brett",ASU_RED,100.9,398
"Peck, Maddax",UTA_WOL,100.8,301
"Barrera, Daren",UTR_VAQ,100.8,124
"Monson, Andrew",SAC_HOR,100.8,296
"Petrey, Dylan",SIU_SAL,100.8,287
"Werth, Taylor",CAL_AGO,100.8,242
"Hemmesch, Tyler",MIN_GOL,100.8,221
"Fidanza, Christopher",MAN_JAS,100.8,85
"Simmons, Sam",UTS_ROA,100.8,614
"Everson, Andrew",MIC_SPA,100.8,113
"Jaques, Ethan",TAR_TEX,100.8,397
"Fenters, Trevor",IND_SYC,100.8,173
"Rogers, Jacob",TEX_RAI,100.8,182
"Godina, Brent",CAL_HIG,100.8,178
"Martinez, Matthew",ARI_WIL,100.8,336
"McKinney, Holden",JMU_DUK,100.8,404
"McKnight, Bryce",SAN_AZT,100.8,509
"Schueler, Dillon",CIN_BEA,100.8,399
"Casoliba, Adria",VAN_COM,100.8,63
"Wiatrek, Wyatt",UTR_VAQ,100.8,210
"Whysong, Nate",WAK_DEA,100.8,199
"Cox, David",DAY_FLY,100.8,228
"Butler, Josh",ARI_SUN,100.8,254
"Chamberlain, Chase",BEL_KNI,100.8,143
"Loosli, Dimond",PEN_NIT,100.8,170
"Orr, Dillon",GRA_CAN,100.8,115
"McGrath, Sean",CAL_MUS,100.8,397
"Albert, Eddie",DAR_GRE,100.8,97
"Matela, Bailey",OLD_MON,100.8,355
"Schaefer, Peter",BOC_EAG,100.8,143
"Leyboldt, Brody",VCU_RAM,100.8,190
"Riel, Cullen",UWM_PAN,100.8,194
"Boynton, Spencer",VAL_CRU,100.8,516
"Droz, Sergio",UMBC_RET,100.8,319
"Druckenmiller, Drew",SAM_BUL,100.8,284
"Tumis, Easton",KS_GF,100.8,586
"Larson, Quinn",CAL_BEA,100.8,362
"Cecil, Jack",OSU_BUC,100.8,88
"Mask, Gavin",UNI_WES,100.7,149
"Joyce, Jack",COP_STA,100.7,127
"Rizzo, John",SBU_SEA,100.7,376
"Kehlenbrink, Brady",MIZ_TIG,100.7,883
"O'Banan, Cameron",TEX_BOB,100.7,180
"Reid, Dylan",BRO_BEA,100.7,397
"Koosman, Ian",CRE_BLU,100.7,504
"MacCauley, Parker",EVA_ACE,100.7,188
"Sobol, Alexander",UNC_SEA,100.7,394
"Miller, Riley",UAB_BLA,100.7,388
"Hemric, Luke",NOR_WOL,100.7,471
"Limas, Jacob",GRA_CAN,100.7,112
"McCabe, Sean",COL_CHA,100.7,78
"Lehmann, Adam",WMI_BRO,100.7,94
"Mueller, Matthew",UWM_PAN,100.7,103
"Stone, Dakota",NOF_OSP,100.7,686
"Byhre, Chris",SAN_DON,100.7,90
"Traeger, Jax",RIC_OWL,100.7,81
"Atkins, Hunter",GEO_PAN,100.7,371
"Varlotta, Nico",ALA_LIO,100.7,88
"Wright, Sam",QUI_BOB,100.7,362
"Van Slooten, Cj",CIT_BUL,100.7,266
"Gray, Dalton",SOU_LIO,100.7,91
"Whiteaker, Evan",ABI_WIL,100.7,440
"Trautner, Jace",LIP_BIS,100.7,367
"Gotschall, Hunter",VCU_RAM,100.7,507
"Garcia, Anthony",UTR_VAQ,100.7,493
"Davis, Jaden",NMS_AGG,100.6,474
"Copper, Eddie",CHA_FOR,100.6,727
"D'Ancona, Luke",BOC_EAG,100.6,453
"Curry, Stephen",SET_PIR,100.6,271
"Manning, LJ",UNL_REB,100.6,317
"Haywood, Braxton",CEN_BEA,100.6,110
"Hoyt, Jackson",FLA_GAT,100.6,146
"Hugas, Miguel",MER_BEA,100.6,802
"McNeely, Colby",WIN_EAG,100.6,392
"Canalichio, Will",TEX_BOB,100.6,201
"Webb, Parker",CAM_CAM,100.6,173
"Miller, Jairus",MCN_COW,100.6,286
"Miranda, Evan",SAN_AZT,100.6,94
"Bridges, Reilly",SBU_SEA,100.6,81
"Haftorson, Dillon",LIN_UNI,100.6,55
"Wiggins, Tanner",RIC_OWL,100.6,724
"Standlee, Ian",ARM_BLA,100.6,61
"DiLorenzo, Jackson",ECU_PIR,100.6,136
"Baisley, Logan",FGCU,100.6,192
"Hamilton, Brady",WIC_SHO,100.6,811
"Skilbeck, Max",THO_M,100.6,261
"Kozera, Tyler",NOF_OSP,100.6,305
"Allen, Thomas",LOU_BUL,100.6,503
"Tomii, Tsubasa",HAW_WAR,100.6,91
"Thompson, JJ",WRI_RAI,100.6,571
"Puodziunas, Erik",MIC_WOL,100.6,148
"Puetz, Parker",NOR_BIS,100.6,397
"Giacomini, Jordan",NEV_WOL,100.6,565
"Young, Jake",QUN_RYL,100.6,394
"Estes, Sumner",YSU_PEN,100.6,88
"Tommasini, Austin",SAM_BUL,100.6,306
"Hembree, Jake",GEO_PAN,100.6,679
"Tedesco, Jake",MIA_RED,100.6,236
"Tornero, Joel",AZU_PAC,100.6,97
"Atchley, Ethan",RIC_OWL,100.6,381
"Capers, Hayden",IWC,100.5,588
"Holder, Jeremiah",VIL_WIL,100.5,245
"Ryerse, Luke",MIN_GOL,100.5,85
"Smith, Jace",GRA_CAN,100.5,272
"Froling, Van",SAN_GAU,100.5,315
"Johnston, Zach",WAK_DEA,100.5,149
"Wiegandt, Austin",COL_CHA,100.5,281
"Runde, Logan",IOW_HAW,100.5,351
"Fuentes, Marco",RIC_OWL,100.5,290
"Gay, Alex",MIA_RED,100.5,282
"Blair, Eli",FLA_GAT,100.5,145
"Thayer, Harrison",UTR_VAQ,100.5,628
"Canavan, Chris",SAN_AZT,100.5,61
"Lanzer, Jake",STO_COL,100.5,103
"Sauer, John-Paul",SOU_RED,100.5,512
"Davis, Preston",LIT_TRO,100.5,101
"Shayter, Isaiah",PEN_NIT,100.5,448
"Gomez, Alex",SAN_DON,100.5,125
"Dorn, Rob",LAF_LEP,100.5,77
"Usey, Trey",NEW_PRI,100.5,117
"Jaxel, Kevin",VIR_CAV,100.5,446
"Bianchini, Max",USC_UPS,100.5,470
"Gibson, Jack",USC_UPS,100.5,185
"Howe, Luke",LON_DIR,100.5,653
"Davenport, Luke",ALA_LIO,100.5,551
"Grams, Brennen",SOU_COU,100.5,386
"Vest, Jack",ETS_BUC,100.5,171
"Smith, Mason",CAM_CAM,100.5,411
"Lariz, Anthony",UCF_KNI,100.5,275
"Sulpizio, Nick",OLD_MON,100.5,318
"Schaffnit, Ryan",BRA_BRA,100.5,360
"Sarre, Serigne",MSM_MTN,100.5,397
"Quinn, Walter",TCU_HFG,100.5,396
"Hedrick, Jack",DUK_BLU,100.5,532
"Parker, Kade",LOU_BUL,100.5,235
"Campbell, Kayden",GIT_YEL,100.4,152
"Sigman, Zakary",OSU_BUC,100.4,107
"Myers, Ethan",CSU_BAK,100.4,572
"Smith, Blake",SEA_RED,100.4,419
"Harris, Sam",NOR_WOL,100.4,375
"Miller, Logan",CAL_MAT,100.4,137
"McArthur, Maddon",HOF_PRI,100.4,247
"DeRossi-Cytron, Eli",MSM_MTN,100.4,432
"Seiber, Brennan",VAN_COM,100.4,406
"Gray, Mateo",UCF_KNI,100.4,634
"Lesiak, Brady",BIN_BEA,100.4,76
"Kilby, Zach",FAU_OWL,100.4,600
"Holpuch, Garret",TEN_TEC,100.4,50
"Ray, Will",WAK_DEA,100.4,122
"Costello, Corey",RAD_HIG,100.4,576
"Lyne, Tanner",LIP_BIS,100.4,164
"Frail, Conner",COL_CHA,100.4,257
"Hilburger, Kaden",BRY_BUL,100.4,528
"Kelsey, Carter",GEO_PAT,100.4,296
"Nelson, Cade",TCU_HFG,100.4,401
"Toneske, Zaine",SPU_PEA,100.4,68
"Tanton, Ben",OLD_MON,100.4,342
"Meeler, Caden",CEN_BEA,100.4,83
"Porter, Matt",LIB_FLA,100.4,256
"Oaks, Tyler",WCC,100.4,126
"Hubbell, Ethan",OLD_MON,100.4,274
"Willitts, Josh",NJI_HIG,100.4,189
"Carlgren, Cooper",LAM_CAR,100.4,367
"McCraray, Max",HOU_COU,100.4,66
"Hallam, Isaac",SEA_RED,100.4,303
"Kirby, Drew",TEN_TEC,100.4,92
"Winans, Gabriel",SAM_BEA,100.3,225
"Summerville, Jayden",KEN_OWL,100.3,377
"Marroquin, Mikey",PRE_BLH,100.3,353
"Mebil, Kevin",FLO_SEM,100.3,215
"Wagner, Ed",NOF_OSP,100.3,59
"Barker, Colby",MER_COL1,100.3,143
"Zayac, Bradley",LIB_FLA,100.3,745
"Howarth, Kross",LAS_EXS,100.3,206
"Greanead, Caden",ABI_WIL,100.3,137
"Foley, Lucas",ILL_RED,100.3,203
"Ramos, Julio",NMS_AGG,100.3,182
"Barr, Jack",ARL_MAV,100.3,157
"Midkiff, Daniel",LAM_CAR,100.3,65
"Wells, Micah",STJ_HAW,100.3,288
"Green, Myles",NEW_PRI,100.3,119
"Holt, Ka'Olu",WES_HIL,100.3,135
"Thomas, David",SAN_SPA,100.3,292
"Phetluangsy, Tai",TAR_TEX,100.3,209
"Torres, Maverick",UNI_WES,100.3,384
"Engel, Mason",UTR_VAQ,100.3,452
"Stieglitz, Aidan",ELO_PHO,100.3,263
"Deer, Caleb",KAN_JAY,100.3,181
"Dear, Mayson",UNC_SPA,100.3,260
"Riggs, Bryce",EIU_PAN,100.3,681
"Warrick, Isaac",UAB_BLA,100.3,233
"Korson, Joshua",OAK_GOL,100.3,83
"Perkins, Wilson",DAV_WIL,100.3,677
"Morris, Aaron",DIX_STE,100.3,327
"Tryba, Cole",SAN_GAU,100.2,322
"Simpson, Eston",CLE_TIG,100.2,247
"Gillies, Emmett",EMU_EAG,100.2,179
"Gillmore, Jace",SAN_BRO,100.2,718
"Eddie, Mark",UIC_FLA,100.2,282
"Ellison, Oliver",GAR_RUN,100.2,277
"Vander Hill, Sammy",PRE_BLH,100.2,63
"Kruse, Ryan",VAL_CRU,100.2,329
"Chapman, Noah",UNC_SPA,100.2,978
"Arnett, Jeremiah",RIC_OWL,100.2,449
"Matoush, Nathan",DAR_GRE,100.2,227
"Lee, Hudson",SOU_GAM,100.2,118
"Hentges, Samuel",AIR_FOR,100.2,240
"Henry, Hayden",CHA_BUC,100.2,258
"Pierro, Will",THO_M,100.2,104
"Walker, Grayson",DUK_BLU,100.2,172
"Robinson, Ethan",MTSU_BLU,100.2,122
"Diez, Erick",LON_DIR,100.2,100
"Gebb, Tyler",LON_DIR,100.2,344
"Rodriguez, Mauricio",RIC_SPI,100.2,121
"Garza, Brendan",BAL_CAR,100.2,114
"Phillips, Ethan",STE_HAT,100.2,500
"Barrett, Diego",NOR_AGG,100.2,83
"Torres, Pablo",BET_WIL,100.2,62
"Fisher, Riley",LOU_BUL,100.2,404
"Campbell, Cooper",VCU_RAM,100.2,496
"Bowen, Gavyn",UNL_REB,100.2,103
"Opanel, Kevin",MON_HAW,100.2,379
"Bronzini, Nic",LIT_TRO,100.2,292
"Stewart, Robbie",FOR_RAM,100.2,486
"Gabler, Jacob",ARL_MAV,100.2,155
"Mommer, Samuel",ILL_ILL,100.2,393
"Kickhaefer, Caden",SOU_RED,100.2,364
"Bilotto, Nick",DEL_BLU,100.2,409
"Budd, Davis",WCC,100.2,303
"Bates, Ryan",BIN_BEA,100.2,199
"Park, Austin",BYU_COU,100.2,357
"O'Connor, Griffin",GEO_HOY,100.2,137
"Wnukowski, Matthew",SOU_RED,100.2,248
"Weaver, JT",UNC_SPA,100.2,640
"Rogers, Preston",FGCU,100.2,420
"Brodt, Walker",WIN_EAG,100.1,340
"Salsberg, Zev",BRY_BUL,100.1,115
"Westmoreland, Brannon",LIT_TRO,100.1,773
"Holmes, Will",CIT_BUL,100.1,821
"Holman, Ty",SLU_BILL,100.1,576
"Impson, Seth",MT,100.1,536
"Lawson, Nathan",WES_HIL,100.1,367
"Ballard, Riley",CIT_BUL,100.1,290
"Pikur, Logan",MIC_SPA,100.1,454
"Leckszas, Kai",GEO_HOY,100.1,215
"Bretza, Zander",BAL_CAR,100.1,90
"Ross, Jack",CAL_ANT,100.1,235
"Evans, Tate",YAL_BUL,100.1,772
"Strawmyer, Brady",BAL_CAR,100.1,59
"Najar, Adrian",MCN_COW,100.1,172
"Gonzalez, Alan",SAN_DON,100.1,221
"Hartsell, Chase",BOC_EAG,100.1,361
"Moquin, Nate",UNO_MAV,100.1,244
"Lei, Mason",UIC_FLA,100.1,698
"Latkowski, RJ",ELO_PHO,100.1,323
"Barnes, Rowen",CAL_AGO,100.1,266
"Jennings, Drew",BEL_KNI,100.1,118
"Clapp, Reece",ILL_RED,100.1,240
"Waldron, Taylor",JAC_GAM,100.1,89
"Rouse, Weston",ORA_GOL,100.1,359
"O'Connell, Aiden",DUK_BLU,100.1,348
"Calabretti, Joseph",STB_BON,100.1,149
"Byrd, Garrett",WIN_EAG,100.1,390
"Nowaczyk, Colin",NEB,100.1,128
"Peissel, Julien",NOR_WOL,100.1,75
"Christensen, Dylan",ORA_GOL,100.1,83
"Timmerman, Tucker",NEB,100.1,305
"Maksimow, Wesley",LAF_LEP,100.1,313
"Donovan, Aidan",MIC_SPA,100.1,826
"Peterson, Brandon",NJI_HIG,100.1,150
"Bludau, Jose",IWC,100.0,359
"Bernard, Nolan",USF_BUL,100.0,299
"Ashkinos, Troy",COR_BRE,100.0,53
"Boudreaux, CJ",BGS_FAL,100.0,191
"Hendry, Clay",NOF_OSP,100.0,377
"Zmolik, Luke",YSU_PEN,100.0,167
"Shepard, Troy",SIU_SAL,100.0,779
"Stout, Sage",SOU_IND16,100.0,78
"Bleeker, Jaron",IOW_HAW,100.0,523
"Rossi, Gino",SAN_DON,100.0,107
"Roman, Ty",LOU_CAJ,100.0,856
"Ackerman, Jess",MER_BEA,100.0,561
"Estridge, Gaines",AIR_FOR,100.0,728
"Pascarella, Cory",MON_HAW,100.0,314
"Saviñon, Jordan",RUT_SCA,100.0,311
"Rogers, Kurt",COL_CHA,100.0,260
"Foley, Wyatt",WIC_SHO,100.0,130
"Citron, Andrew",GEO_HOY,100.0,105
"Millsap, Zack",UIC_FLA,100.0,245
"Fields, Jake",LON_DIR,100.0,398
"Conner, Brendan",UAB_BLA,100.0,672
"Butash, Mason",PEN_NIT,100.0,341
"Galvin, Patrick",SEA_RED,100.0,78
"Holt, Sebastian",MAI_BLA,100.0,241
"Hyatt, Hunter",UAB_BLA,100.0,78
"Baker-Livingston, Ben",JUD,100.0,173
"Eisenbarth, Logan",FGCU,100.0,125
"Muffoletto, Caleb",NOR_DEM,100.0,170
"Agosto, Justus",ALA_LIO,100.0,463
"Lierman, Liam",WAS_HUS,100.0,422
"Berg, Andrew",ARM_BLA,100.0,839
"Fehrman, Cole",STJ_HAW,99.9,856
"Fortenberry, Robert",KAN_WIL,99.9,212
"Fry, Evan",NOK_NOR,99.9,70
"Allen, Joe",CLE_TIG,99.9,224
"Zatkowski, Henry",VIR_CAV,99.9,855
"Bibb, Ryan",NAV_MID,99.9,138
"Pennington, Wyatt",EVA_ACE,99.9,61
"Mulligan, Brett",HOL_CRU,99.9,225
"Weekly, Dylan",NMS_AGG,99.9,346
"Garbinski, Garret",UCO_HUS,99.9,84
"Carvajal, Jake",NMS_AGG,99.9,413
"McNabb, Austin",DAY_FLY,99.9,506
"Sunstrom, Camden",SOU_GOL,99.9,666
"Arther, Adam",KAN_WIL,99.9,312
"Gray, John",WOF_TER,99.9,363
"Conn, Porter",SOU_COU,99.9,289
"Gutierrez, Jacob",CSU_BAK,99.9,636
"Vargas, Austin",NIC_COL,99.9,443
"Wheeler, Paul",SAN_DON,99.9,213
"Valdez, Noel",CAL_AGO,99.9,832
"Sperry, Joe",MIN_GOL,99.9,313
"Oughton, Traig",CAL_MAT,99.9,678
"Pica, Caleb",LIP_BIS,99.9,116
"Leonard, Reid",NEW_PRI,99.9,458
"Hendershot, Fischer",EMU_EAG,99.9,371
"Sheldon, Jack",FAI_STA,99.9,94
"Williams, Luke",ORA_GOL,99.9,255
"Dygert, Caylon",ARL_MAV,99.9,916
"Rowan, Hudson",LOU_BUL,99.9,824
"Shannon, Lucas",SAN_TOR,99.9,97
"Dressler, Cade",VCU_RAM,99.9,314
"Boykin, Robert",PRE_BLH,99.9,487
"Lessman, Jared",UIC_FLA,99.9,333
"Brandt, Evan",ARI_WIL,99.9,200
"Smyers, Luke",ALA_CRI,99.9,234
"Wentz, Gannon",NOK_NOR,99.8,144
"Weller, Ryan",SOU_IND16,99.8,729
"Monaco, Dominic",WES_HIL,99.8,216
"Bridenthal, Eli",XAV_MUS,99.8,86
"Richardson, Colby",COA_CHA,99.8,360
"Lacourciere, Grady",HOF_PRI,99.8,241
"Minichino, Austin",SOU_LIO,99.8,179
"Palencia, Fernando",SAN_TOR,99.8,598
"Bedford, Chris",HOF_PRI,99.8,451
"Carter, Regan",PAC_TIG,99.8,504
"Williamson, Austin",JUD,99.8,172
"Couture, Alec",MON_HAW,99.8,932
"Lucas, Jaxon",LIB_FLA,99.8,753
"Lintelman, Eric",ELO_PHO,99.8,189
"Todd, Zach",PAC_TIG,99.8,925
"Anderson, Nathan",SOU_IND16,99.8,150
"Sharman, Michael",CLE_TIG,99.8,683
"Anzai, Keenan",CAL_AGO,99.8,719
"Driscoll, Clark",VIR_KEY,99.8,244
"Robello, Hekili",HAW_WAR,99.8,332
"Simoneaux, Cole",NIC_COL,99.8,350
"Coughlin, Brandon",LEH_MOU,99.8,174
"Hackmann, Kailen",UMBC_RET,99.8,266
"Taylor, Joseph",CHA_FOR,99.8,725
"Green, Ben",OAK_GOL,99.8,405
"Glidewell, Lyndon",MIA_HUR,99.8,416
"Howard, Thomas",PUR_BOI,99.8,523
"Glenn, Jared",GON_BUL,99.8,114
"Garland, Jackson",LON_LAN,99.8,473
"Hart, Hudson",NOR_BIS,99.8,90
"Holpuch, Garrett",TEN_TEC,99.8,650
"Swaim, Everett",ABI_WIL,99.8,89
"Grant, Garrett",FAU_OWL,99.8,641
"Self, Mason",RAD_HIG,99.7,86
"McGrew, EJ",SAN_SPA,99.7,184
"Benton, Bradley",USC_UPS,99.7,306
"Werkowitch, Jack",LIN_UNI,99.7,55
"Samuelson, Carter",UAB_BLA,99.7,727
"Mateffy, Dan",HOL_CRU,99.7,116
"Frers, Nick",VCU_RAM,99.7,421
"Dallmayer, AJ",OHI_BOB,99.7,464
"Freeman, Cameron",LON_LAN,99.7,237
"Gray, Mikey",PIT_PAN,99.7,156
"Wywoda, Jaden",HOL_CRU,99.7,557
"Hart, Edward",DUK_BLU,99.7,174
"Kiefer, Landon",LIP_BIS,99.7,226
"Burke, Clayton",MIA_RED,99.7,611
"Whitehead, Ace",SOU_TRO,99.7,70
"Mazza, Steven",MAR_RED,99.7,159
"Welch, Tyler",SOU_IND16,99.7,65
"Ball, Tyler",BYU_COU,99.7,285
"Paulino, Enger",STB_BON,99.7,448
"Fiveash, Caden",NOR_DEM,99.7,252
"Williams, Jarrett",LAM_CAR,99.7,454
"Champion, Matthew",LOY_LIO,99.7,162
"Hill, Jack",ORA_GOL,99.7,314
"Ingram, Chase",UAB_BLA,99.7,731
"Borberg, Ryan",DAL_PAT,99.7,545
"LaDuke, Dominic",HIG_PAN,99.7,137
"Adams, Dixon",GEO_EAG,99.7,50
"Corley, Brandt",ULM_WAR,99.7,698
"Templeton, Scott",WCC,99.7,139
"Brown, Jake",CEN_MIC,99.7,99
"Menendez, Frank",MIA_HUR,99.7,91
"Wilson, Brady",PAC_TIG,99.7,171
"Hunter, Russell",HOF_PRI,99.7,226
"Yovanovich, Kai",SAN_DON,99.6,226
"Stubbs, Benjamin",TRO_TRJ,99.6,815
"Baker, Jaxon",LON_DIR,99.6,302
"Valdez, Adrian",SAN_DON,99.6,502
"Hoeft, Sam",XAV_MUS,99.6,96
"Lirette, Luke",SOU_LIO,99.6,394
"Chambers, Brady",MIC_SPA,99.6,350
"Foster, Jakob",MSM_MTN,99.6,224
"Corcoran, Brady",MCN_COW,99.6,350
"Belecky, Jacob",QUI_BOB,99.6,298
"May, Ian",UCLA,99.6,321
"O'Beirne, Palmer",SAM_BUL,99.6,225
"Kim, Justin",PRI_TIG,99.6,868
"Vincent, Tom",TUL_GRE,99.6,273
"Clark, Calvert",APP_MOU,99.6,137
"Nolan, Nicholas",UTR_VAQ,99.6,172
"McGarrh, Cade",ABI_WIL,99.6,513
"Bouchard, Brady",BIN_BEA,99.6,427
"Farrell, Travis",SEA_RED,99.6,795
"Reinburg, Trey",WES_HIL,99.6,369
"Flaherty, Tommy",BRY_BUL,99.6,227
"King, Ryan",CSU_BAK,99.6,726
"Brouwer, Adam",CIN_BEA,99.6,623
"Brooks, Easton",DIX_STE,99.6,204
"Ridley, Luke",UNI_WES,99.6,324
"Harrahill, Ryan",NEB,99.6,159
"McDonnough, Brooks",BEL_BRU,99.6,271
"McCusker, Joshua",LIB_FLA,99.6,161
"Blackwood, JT",ALA_CRI,99.6,197
"Berry, Noah",SAM_BUL,99.6,504
"Humphrey, Billy",WIU_LEA,99.6,237
"Hyneman, Josh",SIU_SAL,99.6,147
"Sand, Christoper",RUT_SCA,99.6,448
"Davis, Ty",BRY_BUL,99.6,448
"Loy, Dylan",GIT_YEL,99.6,575
"Ibarra, Fabian",NMS_AGG,99.6,180
"Roberts, Maclain",ARI_WIL,99.6,293
"Haas, Pete",IU,99.6,171
"Alberico, Alex",KS_GF,99.6,153
"Kaminski, Dylan",WIU_LEA,99.6,105
"Worthley, Jalen",NEB,99.5,117
"Albano, Noah",CAN_GRI,99.5,182
"Jones, Liam",BUC_BIS,99.5,191
"Schreiber, Sebastian",SAN_BRO,99.5,96
"Susce, Brode",JMU_DUK,99.5,283
"Holt, Ka'olu",WES_HIL,99.5,101
"Brafa, Jack",TUL_GRE,99.5,432
"Bryan, Drew",DUK_BLU,99.5,257
"Grant, Alex",NOR_CAT,99.5,232
"Laughlin, Austin",WOF_TER,99.5,250
"Dumsky, Marco",DAR_GRE,99.5,370
"Peck, Bryan",CAL_LAN,99.5,844
"Throneberry, Connor",MAN_JAS,99.5,77
"Iglesias, Joey",LON_DIR,99.5,315
"Blanco, Evan",TEN_VOL,99.5,779
"Vanegas, Alejandro",IWC,99.5,109
"Wallace, Carson",ABI_WIL,99.5,392
"McAuliff, Daniel",PIT_PAN,99.5,229
"Wilkes, Declan",LEH_MOU,99.5,175
"Jeske, Ryder",TOW_TIG,99.5,294
"Cehajic, Trey",TUL_GRE,99.5,805
"Lee, Dakota",SOU_LIO,99.5,190
"Abbadessa, Jude",TUL_GRE,99.5,510
"Russell, Matt",TOW_TIG,99.5,128
"Krieger, Jason",MAI_BLA,99.5,652
"Roitman, Justin",WAG_SEA,99.5,144
"Bonilla, Sam",WAG_SEA,99.5,135
"Murphy, Michael",XAV_MUS,99.5,483
"Burke, Mac",DAR_GRE,99.5,197
"Bunnell, Jack",CHA_BUC,99.5,269
"Shanks, Caden",LIP_BIS,99.5,88
"Masick, Jason",RUT_SCA,99.5,346
"Mastroianni, Marcello",DUK_BLU,99.5,440
"Cushing, Cade",SAN_SPA,99.5,80
"Fagerstrom, Reid",MER_BEA,99.5,200
"Mikos, Brandon",YSU_PEN,99.5,239
"Keup, Shane",WIN_EAG,99.5,154
"Ruppenthal, Wyatt",OAK_GOL,99.5,249
"Natanek, Jackson",ILL_RED,99.5,113
"Vaisvila, Maxwell",NIU_HUS,99.5,798
"Colasante, Gio",HAR_CRI,99.5,716
"Hall, Regan",ILL_ILL,99.5,875
"Knowles, Aden",TOW_TIG,99.4,484
"Miles, Isaac",UNC_SPA,99.4,439
"Pollock, Aiden",NEV_WOL,99.4,242
"Shipman, Owen",QUN_RYL,99.4,532
"Staiano, Michael",ELO_PHO,99.4,333
"Evans, Rob",MIA_HUR,99.4,891
"McRoberts, Chaz",SAN_TOR,99.4,228
"Lange, Tannis",NOK_NOR,99.4,178
"Faulkner, Gavin",EKU_COL,99.4,459
"Taylor, Cole",ELO_PHO,99.4,123
"Smith, Tate",NCB,99.4,172
"Richardson, Jonah",DEL_BLU,99.4,196
"James, Reagan",ARK_LIO,99.4,219
"Van Ness, Jonathon",BEL_BRU,99.4,232
"Schaaf, Jason",MIS_BEA,99.4,567
"Haver, Jordan",FRE_BUL,99.4,454
"Kendrick, Noah",SAM_BEA,99.4,175
"Skwarek, Ryan",SOU_IND16,99.4,206
"Fredette, Michael",SAM_BUL,99.4,123
"Snyder, Mason",WCC,99.4,581
"Lucas, Aden",TAR_TEX,99.4,110
"Schneider, Cade",EKU_COL,99.4,135
"Sebek, Caleb",SAN_TOR,99.4,386
"Adamson, Brock",CSU_BAK,99.4,143
"Oceguera, Ethan",LAM_CAR,99.4,249
"Mariano, Matthew",ALB_GRE,99.4,349
"Rosand, Sam",MIZ_TIG,99.4,381
"Abell, Mark",ARM_BLA,99.4,317
"Stuart, Matt",GAR_RUN,99.4,211
"Carey, Sean",SAC_HOR,99.4,402
"Lenahan, Jake",HOL_CRU,99.4,321
"Fields, Jacob",NOR_AGG,99.4,55
"Matuschat, Bryan",SAC_PIO,99.4,352
"Nystrom, Chase",VCU_RAM,99.4,160
"Prior, Ryan",VIR_CAV,99.4,118
"Murry, Grayson",BAY_BEA,99.4,416
"Lemke, Simon",SAN_AZT,99.4,138
"Gorelick, Jake",STE_HAT,99.4,140
"Charlton, Tyler",MIS_BEA,99.4,446
"Christian, Montrell",GEO_PAN,99.4,147
"Jackson, Peyton",MAR_THU,99.4,178
"Cihocki, Danny",NIU_HUS,99.4,724
"Ruais, Robert",BAY_BEA,99.3,275
"Conway, Elias",DEL_BLU,99.3,301
"Piper, Logan",SAN_TOR,99.3,354
"Olson, Chase",NEB,99.3,112
"Cutler, Andrew",GEO_COL,99.3,732
"Matson, Sax",SOU_TRO,99.3,498
"Marshall, Nathan",EIU_PAN,99.3,161
"Lyles, Zachary",WES_HIL,99.3,351
"Volmerding, Joshua",CAL_MUS,99.3,136
"Lockhart, Gauge",SAN_DON,99.3,566
"East, Levin",SOU_IND16,99.3,381
"Lacy, Peyton",NIC_COL,99.3,412
"McAliney, Daniel",BIN_BEA,99.3,104
"De Cardenas, Jorge",USF_BUL,99.3,279
"Mayer, Brock",CAL_FUL,99.3,366
"Colarusso, AJ",BOC_EAG,99.3,845
"Griffith, Ben",BIN_BEA,99.3,161
"Tapper, Brock",TRO_TRJ,99.3,328
"Ramirez, Anthony",ARM_BLA,99.3,328
"Fisher, Colin",ARK_RAZ,99.3,638
"Adams, JT",CRE_BLU,99.3,196
"Miller, Jay",WAS_HUS,99.3,97
"Bruno, Gregory",SET_PIR,99.3,76
"Polk, Lakin",SOU_LIO,99.3,603
"Thacker, Bryson",WES_MOU,99.3,165
"Helsel, Garrett",XAV_MUS,99.3,400
"Weber, Luke",ILL_ILL,99.3,196
"Negrete, Mikiah",CAL_FUL,99.3,704
"Keljo, Grady",POR_PIL,99.3,72
"Hoover, Matthew",WMI_BRO,99.3,267
"Fairhurst, Samuel",LEH_MOU,99.3,655
"Richardson, Dylan",SOU_JAC,99.3,230
"Yates, Zach",CAL_LAN,99.3,371
"Little, Branton",WOF_TER,99.2,570
"Cerwinski, John",PEN_QUA,99.2,140
"Cohen, Daniel",YAL_BUL,99.2,542
"O'Day, Jacob",WES_HIL,99.2,297
"Banks, Hagan",ALA_CRI,99.2,225
"Fausset, Cameron",SOU_TRO,99.2,181
"Wilson, Trevor",SAC_HOR,99.2,524
"Kelly, Talan",DIX_STE,99.2,273
"Hess, Holden",ULM_WAR,99.2,549
"Morris, Patrick",ARI_WIL,99.2,386
"Bingham, John",EKU_COL,99.2,150
"Travers, Cal",LON_LAN,99.2,227
"Gardini, Talin",STM_GAE,99.2,377
"Cushing, Kobie",NOR_AGG,99.2,285
"Moore, Kellen",LAF_LEP,99.2,366
"Cameron, Tracen",FLO_PAN,99.2,258
"LeBlanc, Bryce",OKL_COW,99.2,219
"Angelakos, Dimitri",GIT_YEL,99.2,256
"Martin, Joseph",SOU_COU,99.2,391
"Thomson, Ty",KAN_JAY,99.2,70
"Andreas, Jake",SAN_DON,99.2,191
"Harrell, JJ",PRE_BLH,99.2,542
"Curtis, Brayden",UNO_MAV,99.2,226
"Frey, Hayden",TOL_ROC,99.2,599
"Richardson, Brady",TRO_TRJ,99.2,183
"Hooks, Blake",LOU_BUL,99.2,182
"Segel, Kaden",POR_PIL,99.2,231
"McCrary, Max",MSM_MTN,99.2,293
"Condon, Cullen",WOF_TER,99.2,557
"Hughes, Caleb",MER_BEA,99.2,225
"Heyman, Sam",BEL_BRU,99.2,430
"Thornton, Maddox",ORA_GOL,99.2,322
"Dotoli, Brayden",SAN_BRO,99.2,294
"Sundloff, Colton",UNL_REB,99.2,298
"Blue, Connor",CIN_BEA,99.2,546
"Kwiatkowski, John",BOC_EAG,99.2,272
"Stichweh, Zach",CHA_BUC,99.2,348
"Revay, Carson",PAC_TIG,99.2,568
"Entz, Konner",SAC_HOR,99.2,254
"Storey, Jake",NCB,99.2,428
"Lajoie, Josh",QUI_BOB,99.2,130
"Strickland, Michael",MER_BEA,99.2,54
"Zimmerman, Noah",HIG_PAN,99.2,356
"Roberts, Owen",IND_SYC,99.2,432
"Hartley, Tyler",MAR_RED,99.2,283
"Cadieux Lanoue, Elliot",FGCU,99.1,225
"Turner, Kole",ASU_RED,99.1,205
"Marble, Andrew",SAM_BUL,99.1,406
"Keane, Nick",EMU_EAG,99.1,200
"Hicks, Baylor",COL_LION,99.1,360
"Carson, Cody",CAL_MAT,99.1,158
"Shay, Titus",LAS_EXS,99.1,109
"Mitchell, Tommy",ELO_PHO,99.1,401
"Paige, Griffen",WRI_RAI,99.1,732
"Sandberg, Baylor",SAC_HOR,99.1,221
"Carmichael, John",EMU_EAG,99.1,662
"Yusypchuk, Michael",MIS_BEA,99.1,406
"Merriweather, DJ",AUS_GOV,99.1,535
"Augedahl, Tristan",SOU_JAC,99.1,204
"Raridan, Connor",PAC_TIG,99.1,438
"Braga, Vincent",SAN_BRO,99.1,227
"Barrett, Easton",ARI_SUN,99.1,350
"Gonzalez, Keyler",MIZ_TIG,99.1,167
"Devenney, Michael",TUL_GRE,99.1,106
"Lockwood, Connor",VAL_CRU,99.1,831
"King, Dylan",TRO_TRJ,99.1,87
"Johnson, Ashton",BYU_COU,99.1,565
"Hegarty, John",COR_BRE,99.1,416
"Murray, Alec",FOR_RAM,99.1,201
"Foulke, Kade",AUS_GOV,99.1,106
"Staton, Cam",STM_GAE,99.1,525
"Kampschror, Dean",VIR_CAV,99.1,51
"Broadhead, Teague",SOU_GOL,99.1,196
"Nobe, Jack",XAV_MUS,99.1,391
"Favela, Jude",WES_HIL,99.1,312
"Solis, Alex",HOU_COU,99.1,292
"Miller, Charlie",SIU_SAL,99.1,212
"Owens, Carter",MOR_EAG,99.1,219
"Kostic, AJ",LAM_CAR,99.1,374
"Earnhardt, Luke",WIN_EAG,99.1,823
"Potteiger, Jack",CEN_MIC,99.1,168
"Huy, Nathan",CSD_TRI,99.1,131
"Lysik, Brendan",GAR_RUN,99.1,89
"Castro, Andres",NEV_WOL,99.1,134
"Land, Wyatt",USC_UPS,99.1,133
"Shaw, Andrew",STA_CAR,99.0,293
"Chuttey, Benjamin",USC_UPS,99.0,96
"England, Aaron",LOU_CAR,99.0,275
"Pearson, Hayden",LOU_CAJ,99.0,201
"Colombara, Cade",CAL_BEA,99.0,240
"Kent, Will",SOU_JAC,99.0,149
"Sharp, Cason",UTM_SKY,99.0,344
"Porter, Jalen",ARK_LIO,99.0,208
"Aikens, Parker",RHO_RAM,99.0,318
"Sharma, Vedant",HAR_CRI,99.0,77
,NOR_AGG,99.0,109
"Newell, Josh",LIN_UNI,99.0,777
"Wendel, Ethan",TAR_TEX,99.0,523
"Hitt, Dalton",HIG_PAN,99.0,210
"Carmona, Carlos",ALA_LIO,99.0,92
"Ammerman, Alec",SIU_SAL,99.0,357
"Hubert, Cole",TEX_AGG,99.0,294
"Arnold, Aaron",KAN_WIL,99.0,251
"Perkins, Ashton",IWC,99.0,313
"Stone, Ryan",SEA_RED,99.0,259
"Bright, Jordan",NOR_AGG,99.0,295
"Feris, Charles",STE_LUM,99.0,147
"McGorman, Anson",UTA_UTE,99.0,233
"Lucas, Jackson",TRO_TRJ,99.0,106
"Avery, Tyler",NIC_COL,99.0,320
"Froehlich, Kyle",TEX_BOB,99.0,540
"Scruggs, Landon",ALA_LIO,98.9,265
"Capomaccio, Caden",MIN_GOL,98.9,148
"Brown, Drew",CHA_BUC,98.9,124
"Lewis, Evan",DEL_BLU,98.9,231
"Grubbs, Talor",MEX_LOB,98.9,65
"Colagrande, Aidan",SBU_SEA,98.9,280
"McSweeney, David",NOR_HUS,98.9,164
"Veintimilla, Patrick",STJ_HAW,98.9,125
"Scudder, Dylan",BRY_BUL,98.9,538
"Garrett, Ethan",GEO_EAG,98.9,449
"Bunch, Caleb",BAY_BEA,98.9,405
"Bassett, Ashton",TAR_TEX,98.9,338
"Fritcher, Blayne",LAM_CAR,98.9,259
"Wiegert, Cade",NOR_BIS,98.9,105
"Richie, August",WAS_COU,98.9,142
"Sibley, Joshua",JAC_GAM,98.9,150
"Lewis, Braxton",TEN_TEC,98.9,312
"Egan, Ryan",FOR_RAM,98.9,278
"Morgan, Carson",NEW_HAV,98.9,125
"Elarton, Kenan",HBU_HUS,98.9,324
"Marien, Wesley",NOR_DEM,98.9,315
"Martino, Brayden",QUN_RYL,98.9,125
"Magdaleno, Isaiah",HAW_WAR,98.9,308
"Dohrmann, JD",MIZ_TIG,98.9,368
"Ludy, Trey",RAD_HIG,98.9,433
"Trichel, Karson",NIC_COL,98.9,289
"Stowe, Trevor",WAS_COU,98.9,296
"Grindlinger, Brad",LON_DIR,98.9,74
"Valentine, Collin",PEP_WAV,98.9,916
"Savarese, Michael",PIT_PAN,98.9,121
"Ulsh, Mason",QUI_BOB,98.9,169
"Johnson, Mitchell",WIC_SHO,98.9,164
"Parise, Luke",STJ_HAW,98.9,740
"Gunzy, JT",SIE_SAI,98.9,134
"Jacobsen, Trey",UTA_WOL,98.9,155
"Porter, Jake",SOU_IND16,98.9,376
"Corso, Vincent",WAG_SEA,98.9,86
"Smith, Dylan",CAL_FUL,98.8,484
"Martin, Jevarra",LIP_BIS,98.8,277
"Von Kapff, Titus",CHA_BUC,98.8,971
"Murphy, Trenton",BAL_CAR,98.8,64
"Vanderhave, Jakob",ARM_BLA,98.8,196
"Hester, Thomas",UNC_SPA,98.8,368
"Thomas, Kassius",STA_CAR,98.8,242
"Cole, Lawson",MER_BEA,98.8,239
"Francis, Declan",WES_HIL,98.8,53
"Willis, Tyson",GEO_PAT,98.8,267
"Frize, Drake",SAN_TOR,98.8,590
"Hill, Brock",NEW_PRI,98.8,123
"Bowen, Brady",AKR_ZIP,98.8,265
"Walker, Ethan",TEX_LON,98.8,177
"Applebey, Kaleb",AUS_GOV,98.8,333
"Myers, Evan",WCC,98.8,535
"Lehman, Connor",ALA_CRI,98.8,108
"Byrd, Jaxon",CAL_HIG,98.8,184
"Anello, Nick",ARI_SUN,98.8,76
"Christopher, Mason",SET_PIR,98.8,403
"Doll, Landen",MAR_THU,98.8,443
"Allred, Henry",ALC_BRA,98.8,58
"Myers, Kaden",COL_CHA,98.8,411
"McLaughlin, Ryan",DEL_BLU,98.8,717
"Savinon, Jordan",RUT_SCA,98.8,64
"Hagen, David",WES_MOU,98.8,264
"Dorsch, Aidan",YSU_PEN,98.8,191
"Payne, Corbin",CHA_BUC,98.8,226
"Kligman, Ari",SAC_HOR,98.8,82
"Quintana, Daniel",RAD_HIG,98.8,519
"Laine, Avery",LOY_LIO,98.8,649
"Burgess, Sam",CAL_LAN,98.8,223
"Gentile, Josh",GAR_RUN,98.8,118
"Kranawetter, Jackson",SOU_RED,98.8,323
"Arnberger, Jacob",WCC,98.8,127
"Torbett, Cole",MTSU_BLU,98.8,111
"Melani, Tj",STE_HAT,98.8,149
"Bonanno, Grayson",CAL_AGO,98.7,233
"Beck, Josh",LAS_EXS,98.7,192
"Gibson, JT",KEN_OWL,98.7,110
"Martin, Russ",LIT_TRO,98.7,65
"Roberts, Cole",GEO_PAN,98.7,561
"Abler, Andrew",HAR_CRI,98.7,651
"Ackel, Austin",ULM_WAR,98.7,68
"Deloreto, Dominic",NOR_CAT,98.7,61
"Szabo, Zak",NOR_BIS,98.7,199
"Guinther, Griffin",WCC,98.7,158
"Wilson, Logan",NOK_NOR,98.7,258
"Santiago-Cruz, Angel",RIC_SPI,98.7,299
"Lundari, Ryan ",SIE_SAI,98.7,74
"Anna, Nakni",USF_BUL,98.7,132
"Maher, Cooper",NOR_HUS,98.7,219
"Watkins, Jordan",AIR_FOR,98.7,499
"Giordano, Joseph",RIC_SPI,98.7,801
"Mealy, Ryan",MON_HAW,98.7,760
"Perry, Nick",ARL_MAV,98.7,346
"Garnett, Andrew",MER_BEA,98.7,298
"Parkinson, William",VIL_WIL,98.7,375
"Herrmann, Andrew",LOU_CAJ,98.7,1052
"Senay, Michael",USF_BUL,98.7,844
"Ciccone, Frank",ECU_PIR,98.7,177
"Papay, Brody",WRI_RAI,98.7,160
"Doak, Wyatt",SOU_COU,98.7,250
"Cole, Chansen",WES_MOU,98.7,727
"Wellen, Braden",SAN_DON,98.7,119
"Frank, Alex",FAI_STA,98.7,78
"Munson, Kadin",STE_LUM,98.7,69
"Conley, Thomas",STJ_RED,98.7,224
"Horton, John",UNC_SPA,98.6,233
"Kalfsbeek, Luke",CAL_MUS,98.6,203
"Heffernan, Andrew",BGS_FAL,98.6,259
"MacDonnell, Owen",LAS_EXS,98.6,208
"Lewis, Aaron",AUS_GOV,98.6,205
"Phypers, Owen",NAV_MID,98.6,690
"Halamicek, Ryan",SIU_SAL,98.6,191
"Cline, Jack",LIT_TRO,98.6,93
"Wood, Tyler",CAL_AGO,98.6,368
"Underhill, Elijah",AUS_GOV,98.6,327
"Pimental, Javyn",MIZ_TIG,98.6,417
"Furr, Keely",DAV_WIL,98.6,285
"Touhey, Jordan",ALA_LIO,98.6,213
"Navarro, Luis Pablo",TUL_GRE,98.6,317
"Pyne, Garrett",DAV_WIL,98.6,192
"Benford, Tysen",GEO_PAN,98.6,593
"Murtagh, Mathew",SIE_SAI,98.6,112
"Brash, Ben",CIT_BUL,98.6,430
"Stricklin, Lawson",TEN_TEC,98.6,236
"Proehl, Luke",MAR_THU,98.6,126
"Clark, Asher",NCB,98.6,131
"Iozzo, Marc",MIA_RED,98.6,114
"Boice, Aidan",UMBC_RET,98.6,293
"Harnisch, Nick",HOL_CRU,98.6,84
"Klaric-Schell, Kyle",DAR_GRE,98.6,148
"Mannino, Luca",SBU_SEA,98.6,104
"Davis, Champ",WOF_TER,98.6,571
"Walsh, Alex",JUD,98.6,285
"Moss, Aaron",IND_SYC,98.6,122
"Vriesenga, Zach",WMI_BRO,98.6,320
"Gonzalez, Andres",SOU_IND16,98.6,454
"Shafer, Tyler",HIG_PAN,98.6,301
"Swift, Chase",VIR_TEC,98.6,284
"Turner, Drew",NCA_BUL,98.6,494
"Endres, Zak",THO_M,98.6,52
"Asher, Brenden",ORA_GOL,98.6,182
"McMullen, Cooper",KEN_OWL,98.6,720
"Brown, Ryan",LAS_EXS,98.6,92
"Lanum, Josh",UNI_WES,98.6,167
"Sears, Merek",ARL_MAV,98.6,458
"Brooks, Braxton",UNI_WES,98.5,65
"Carter, Brendon",TAR_TEX,98.5,150
"Hunkele, Nick",MER_COL1,98.5,153
"Waters, Payton",JUD,98.5,111
"Marland, Tate",BEL_BRU,98.5,787
"Miller, Garrett",UTA_WOL,98.5,397
"Marshall, Jonah",DIX_STE,98.5,73
"Russell, Ethan",CSD_TRI,98.5,123
"Wilcenski, Blaise",TUL_GRE,98.5,509
"Sawyer, Nick",OSU_BUC,98.5,351
"McKenna, Floyd",AKR_ZIP,98.5,220
"West, Ayden",UNC_SPA,98.5,390
"Stade, Ethan",BGS_FAL,98.5,317
"Murphy, Landon",ARL_MAV,98.5,352
"Moczydlowsky, Gavin",CEN_MIC,98.5,359
"Spizzoucco, Vincent",PIT_PAN,98.5,439
"Guzman, Randy",WIN_EAG,98.5,645
"Sexton, Landon",MTSU_BLU,98.5,112
"Smith, Charlie",MT,98.5,504
"Snider, Ben",SOU_RED,98.5,330
"LeFerve, Bobby",MAR_RED,98.5,105
"Bell, Talan",CLE_TIG,98.5,298
"Pearne, Sam",JMU_DUK,98.5,95
"Graham, Tanner",EVA_ACE,98.5,553
"Elizondo, Jackson",TAR_TEX,98.5,258
"Hauser, Joseph",NOR_HUS,98.5,196
"Phenow, Tyler",TCU_HFG,98.5,215
"Van Haaren, Carson",EKU_COL,98.5,553
"Rodriguez, J.D.",TUL_GRE,98.5,627
"Ubner, Chris",MAR_RED,98.5,134
"Torres, Chris",USC_UPS,98.5,290
"Basel, Andrew",NOR_HUS,98.5,204
"Giese, Charlie",ARL_MAV,98.5,68
"Dvorsky, Nathan",CLE_TIG,98.5,69
"Feltman, Jett",HBU_HUS,98.5,318
"Pennington, Mason",SOU_RED,98.5,767
"Kendall, Jackson",HBU_HUS,98.5,207
"Lee, Trajan",GEO_HOY,98.5,155
"Cavalcante, Christopher",OLD_MON,98.4,229
"Reeth, Ricky",FLA_GAT,98.4,234
"Sausville, Tyler",SIE_SAI,98.4,131
"Wywoda, Declan",GEO_COL,98.4,508
"Biggs, Dalton",MER_BEA,98.4,96
"Carwile, Cody",ETS_BUC,98.4,111
"Wu, Arnold",PEP_WAV,98.4,257
"O'Neill, Shane",LEH_MOU,98.4,128
"Wittig, Joey",LOU_BUL,98.4,149
"Forester, Chase",LAS_EXS,98.4,118
"Burdick, Gage",LAM_CAR,98.4,310
"Williams, Cooper",LSU_TIG,98.4,301
"Wolf, Charlie",PRI_TIG,98.4,339
"Urbanczyk, Ryland",RIC_OWL,98.4,612
"Fink, Carter",NIA_EAG,98.4,459
"Raineri, Kaysen",TEX_RAI,98.4,386
"Fernandez, Michael",MIA_HUR,98.4,88
"O'Neil, Trey",SOU_IND16,98.4,174
"Harvey, Ridge",BEL_BRU,98.4,584
"Smallets, Jackson",COA_CHA,98.4,288
"Geraghty, Ryan",JAC_GAM,98.4,454
"Lee, Cannon",UNC_SPA,98.4,433
"Hansen, Aiden",NOR_AGG,98.4,188
"Rubio, Adrian",STE_LUM,98.4,100
"Hosick, Tanner",UNO_MAV,98.4,152
"Morlang, Nic",MAR_TER,98.4,519
"Vermillion, Ryan",SAM_BUL,98.4,187
"Benzinger, Derek",SET_PIR,98.4,339
"Pirko, Lukas",TEX_RAI,98.4,716
"Carroll, Andrew",SOU_RED,98.4,676
"Kopetski, Josh",RHO_RAM,98.4,316
"LaCien, Richie",ILL_ILL,98.4,131
"Brown, Malcolm",LIT_TRO,98.4,181
"Downing, Marcus",AIR_FOR,98.4,398
"Mlodzinski, Julian",FLO_PAN,98.4,648
"Dillard, Jayden",TEN_TEC,98.4,54
"Calder, Ethan",BAY_BEA,98.3,641
"Llinas, Alexander",LIP_BIS,98.3,589
"Haley, Austin",KAN_WIL,98.3,276
"Weber, Chapman",CSD_TRI,98.3,74
"Chaffee, Evan",STJ_RED,98.3,867
"Steinhaus, Andrew",RAD_HIG,98.3,572
"Zaffiro, Trey",LAF_LEP,98.3,246
"Dolansky, Eddie",NIA_EAG,98.3,94
"Gold, Ryan",KEN_OWL,98.3,307
"Mayfield, Carson",COR_BRE,98.3,336
"Kirby, Jacob",USC_UPS,98.3,478
"Allensworth, Rece",NIA_EAG,98.3,57
"Allen, Colby",SOU_GOL,98.3,708
"Wright, Andrew",CAL_FUL,98.3,326
"Barozzino, Conner",APP_MOU,98.3,145
"Kerrigan, Colin",MTSU_BLU,98.3,443
"Katz, Josh",PEN_QUA,98.3,368
"Staiano, Luca",SAN_SPA,98.3,221
"Wick, Wyatt",MCN_COW,98.3,82
"Krift, Hank",ELO_PHO,98.3,333
"Weaver, Ryan",NOR_CAT,98.3,640
"Scinta, Chris",HOU_COU,98.3,386
"Maiorano, Ryan",FAI_STA,98.3,91
"Carlisle, Tanner",LAM_CAR,98.3,77
"Kostulias, Jesse",NEW_HAV,98.3,205
"Augustin, Matt",VIR_CAV,98.3,83
"Haas, William",TEN_VOL,98.3,65
"Higginbottom, Elijah",GRA_CAN,98.3,378
"Smith, Tyler",SAL_JAG,98.3,88
"Brown, Zane",BEL_BRU,98.3,328
"Friedman, Pierce",MAI_BLA,98.3,330
"Aivazian, Robert",SAN_BRO,98.3,102
"Pannell, Jacob",CEN_BEA,98.3,425
"Sanchez, Aaron",UTR_VAQ,98.3,205
"Valdez, Elias",PAC_TIG,98.3,159
"Wochner, Nathaniel",BYU_COU,98.3,167
"Husak, Joe",IOW_HAW,98.3,235
"Park, Jayce",OLD_MON,98.3,339
"Sullivan, Luke",MIZ_TIG,98.3,461
"Tripure, Max",WIU_LEA,98.3,387
"Hiller, Joseph",QUI_BOB,98.3,207
"Wright, Zane",UNI_WES,98.3,323
"Eagen, Braiden",PRE_BLH,98.3,157
"Doucet, Conner",TAR_TEX,98.2,133
"Meyers, Luke",WAS_COU,98.2,343
"Balmaceda, Elian",STE_LUM,98.2,125
"McCullough, Matthew",TAR_TEX,98.2,270
"Barber, Edyn",ALA_ANM,98.2,133
"Baffa, Nick",VAL_CRU,98.2,623
"Townson, Drew",FRE_BUL,98.2,773
"Case, David",MT,98.2,883
"Taczy, Charlie",UIC_FLA,98.2,249
"Monke, Carter",MIC_SPA,98.2,603
"Podgorski, John",VIL_WIL,98.2,354
"Curreri, Joseph",HOF_PRI,98.2,340
"Burnett, Kejuan",GRA_TIG,98.2,78
"Deitelbaum, Trey",LAF_LEP,98.2,193
"Wilson, Ethan",APP_MOU,98.2,268
"Shaw, Greg",UCO_HUS,98.2,369
"Crittenden, Isaak",UNO_MAV,98.2,131
"Culver, Ian",UTA_UTE,98.2,180
"Thomason, Benjamin",UMA_AMH,98.2,112
"Vitarelli, Leo",WIN_EAG,98.2,123
"VAN METER, JAMES",NOR_AGG,98.2,183
"Van Der Lelie, Jelle",ASU_RED,98.2,253
"Haley, Gage",LIT_TRO,98.2,417
"Crystal, Douglas",FRE_BUL,98.1,425
"Sentell, Gavin",NOR_AGG,98.1,244
"Zentko, Dylan",MUR_RAC,98.1,324
"Falla, Nicholas",SAN_AZT,98.1,81
"Rudge, Trent",CAN_GRI,98.1,124
"Robertson, Tate",ALA_CRI,98.1,68
"Starling, Zane",NOF_OSP,98.1,161
"Boesen, Lucas",NCA_BUL,98.1,330
"Cash, Steven",JAC_GAM,98.1,647
"Freed, Ethan",QUI_BOB,98.1,74
"Hart, Evan",BEL_KNI,98.1,272
"Alaniz, Lucas",CAL_MAT,98.1,515
"Grumbles, Drew",BOC_EAG,98.1,368
"Harb, Nathan",NIA_EAG,98.1,149
"Becker, Jack",CAL_HIG,98.1,136
"Oswald, Gavin",ALA_LIO,98.1,608
"Johnson, Matthew",WRI_RAI,98.1,167
"Smink, Eddie",PIT_PAN,98.1,312
"Underhill, Anakin",SAC_PIO,98.1,76
"Walker, Kade",JAC_TIG,98.1,122
"Kinsler, Jaden",JMU_DUK,98.1,433
"Mogen, Cristian",MEX_LOB,98.1,269
"Marchesano, Jake",DEL_BLU,98.1,237
"Pleasant, Carver",UNC_SEA,98.1,66
"Brown, Chris",MIS_DEL,98.1,112
"Meyers, Paxton",UCO_HUS,98.1,375
"Haythorn, Mitch",NCB,98.1,208
"Navarrete, Alex",CSU_BAK,98.1,366
"Thompson, DJ",WMI_BRO,98.1,132
"Clark, Brady",STJ_RED,98.1,237
"Crispin, Tanner",IWC,98.1,98
"Ries, Nathan",CSD_TRI,98.1,573
"Riske, Payton",UTA_UTE,98.1,684
"McCormack, Chris",EVA_ACE,98.1,420
"Manley, Matt",GAR_RUN,98.1,107
"Yarussi, Owen",OLD_MON,98.0,75
"Sobel, Jackson",MIZ_TIG,98.0,181
"Melton, Nic",NCA_BUL,98.0,75
"Bailey, Ryan",MAR_TER,98.0,367
"Jones, Luke",COA_CHA,98.0,777
"Garber, Everett",BUC_BIS,98.0,779
"Shimmin, Joshua",LAM_CAR,98.0,172
"Bozenhard, Ryland",SAL_JAG,98.0,684
"Griffiths, Jack",CEN_MIC,98.0,259
"Crowley, Nicho",TEX_ISL,98.0,141
"Smith, Easten",TEX_ISL,98.0,298
"Robbins, Will",GEO_EAG,98.0,365
"Gutierrez, Christopher",UTS_ROA,98.0,249
"Collora, Connor",LAS_EXS,98.0,132
"Shaffer, Levi",SOU_LIO,98.0,230
"Peters, Jackson",GEO_PAT,98.0,155
"McDermott, Myles",NEW_HAV,98.0,138
"Hoover, Brady",LON_LAN,98.0,581
"Lee, Jackson",LIP_BIS,98.0,496
"King, Joseph",ARK_LIO,98.0,109
"Leonard, Caden",KS_GF,98.0,187
"Heiberger, Matthew",ALA_CRI,98.0,343
"Walsh, Michael",LIN_UNI,98.0,213
"Perry, Samuel",UMA_AMH,98.0,109
"Norton, Benjamin",HBU_HUS,98.0,330
"Barrett, Gabriel",SAN_DON,98.0,569
"McHugh, Ryan",HAR_CRI,98.0,255
"Stratton, Evan",CRE_BLU,98.0,448
"Lincoln, Clark",FLO_RAT,98.0,129
"Yagesh, Brendan",VIR_TEC,98.0,537
"Grace, Ranard",SOU_RED,98.0,383
"Kiemele, Cody",GRA_CAN,98.0,390
"Davis, Karsen",TAR_TEX,98.0,234
"Balcom, Nicholas",QUI_BOB,98.0,242
"Delgado, John",DAY_FLY,98.0,626
"O'Farrell, Noah",STE_LUM,98.0,254
"Colletti, Zac",IWC,98.0,583
"Kneller, Tyler",ALB_GRE,98.0,173
"Guy, Colby",ARI_SUN,98.0,292
"Eberly, Keller",TEX_BOB,98.0,120
"Krause, Anthony",MER_UNI,97.9,96
"Milleville, Joshua",RAD_HIG,97.9,456
"Tomita, Mahiro",NEV_WOL,97.9,498
"Brantingham, Bowen",AIR_FOR,97.9,252
"Sams, Daniel",HAR_CRI,97.9,227
"Reed, Kevin",EVA_ACE,97.9,569
"Fowler, Chandler",TEX_ISL,97.9,104
"Fierro, Andrew",MAR_RED,97.9,250
"Smith, Ben",HBU_HUS,97.9,616
"Kapica, Andrew",FOR_RAM,97.9,435
"Haywood, Lathan",STE_HAT,97.9,249
"Hartman, Logan",JUD,97.9,71
"Snyder, Corbin",BUT_BUL,97.9,384
"Saxenmeyer, Will",SAC_PIO,97.9,127
"Scarpino, Anthony",EKU_COL,97.9,106
"James, Jack",STE_LUM,97.9,176
"Blanton, Brock",EKU_COL,97.9,116
"Novara, Wyatt",MIC_WOL,97.9,52
"Donegan, Josh",UNL_REB,97.9,109
"McCalla, Dean",UTM_SKY,97.9,116
"Maxwell, Hadley",BUC_BIS,97.9,316
"Becerra, Donovan",TEX_RAI,97.9,229
"Peterson, Colt",STA_CAR,97.9,236
"Palmer, Will",RAD_HIG,97.9,148
"Damiani, Andrew",NIA_EAG,97.9,211
"Marsolek, Owen",THO_M,97.9,293
"Lycette, Luke",NEW_PRI,97.9,397
"Oborne, Dylan",FAU_OWL,97.9,67
"Hamilton, Sean",HOF_PRI,97.9,558
"Corbett, Owen",ALA_HOR,97.9,73
"Villarreal, Juan",MIZ_TIG,97.9,263
"Cazares, Julian",CSD_TRI,97.9,313
"Hall, Dawson",WES_HIL,97.9,303
"Krzysiak, Brody",KS_GF,97.9,383
"Boruff, Dalton",EIU_PAN,97.9,194
"Griffith, Elijah",AKR_ZIP,97.9,349
"Newburn, Nick",PEN_QUA,97.9,362
"Roach, Trenton",CAL_BEA,97.9,270
"Carson, Chase",CHA_FOR,97.9,710
"Ruller, Joseph",QUN_RYL,97.8,921
"Hardin, Andrew",TAR_TEX,97.8,348
"Hunter, Collin",SAC_HOR,97.8,191
"Espinola, Nicholas",ALA_ANM,97.8,79
"Deutsch, Gage",MIS_DEL,97.8,64
"Deremer, Drew",MUR_RAC,97.8,308
"Woltz, Ethin",MEX_LOB,97.8,185
"Rakers, Easton",LIN_UNI,97.8,356
"Fallon, Justin",TEN_TEC,97.8,123
"Moore, Graham",VIL_WIL,97.8,296
"Matthews, Trieg",AKR_ZIP,97.8,315
"Mills, Daniel",COL_LION,97.8,193
"Ramirez, Fabian",LAM_CAR,97.8,240
"Sams, Jacks",KEN_WIL,97.8,112
"Borboa, Logan",NCB,97.8,220
"Skrobe, Thomas",HOL_CRU,97.8,94
"Harden, Ethan",AUB_TIG,97.8,97
"Frederick, Victor",STJ_RED,97.8,351
"Martin Romero, Luis",STM_GAE,97.8,316
"Wingenroth, Brandon",UMA_AMH,97.8,88
"Murphy, Casen",LOU_CAR,97.8,279
"Althoff, Kayden",CHA_BUC,97.8,172
"Rooney, Noah",NOT_IRI,97.8,468
"Bender, Pryce",NEB,97.8,239
"Tibbett, Logan",APP_MOU,97.8,348
"Rushing, Logan",MT,97.8,293
"Camp, AJ",CHA_FOR,97.8,475
"Steinberg, Matthew",MAN_JAS,97.8,83
"Petersen, Chris",THO_M,97.8,195
"Leblanc, Gabe",STE_LUM,97.8,313
"Chancellor, Jordan",UTA_WOL,97.8,78
"Johnson, Bryce",WAS_HUS,97.8,434
"Polley, Griffin",JMU_DUK,97.8,271
"Tweedy, Brisen",USF_BUL,97.8,160
"Martinez, Christian",SBU_SEA,97.7,241
"Wilson, Evan",RIC_SPI,97.7,116
"Rose, Jackson",NOR_TAR,97.7,400
"DeBattista, Mike",UTS_ROA,97.7,406
"Hawkins, Tyler",BUC_BIS,97.7,364
"Hymel, Luke",NEW_PRI,97.7,250
"Furey, Ryan",NOF_OSP,97.7,436
"Roberson, Brooks",LOU_BUL,97.7,379
"DeLoreto, Dominic",NOR_CAT,97.7,63
"Hayes, Luke",MOR_EAG,97.7,269
"Bryant, Gabe",UTM_SKY,97.7,135
"Sall, Michael",UNO_MAV,97.7,376
"Yeary, Will",ORA_GOL,97.7,92
"Adams, George",FLO_PAN,97.7,550
"Bienvenu, Matthew",NEW_PRI,97.7,60
"Fredericks, Joe",MAR_TER,97.7,78
"Turner, Dawson",BET_WIL,97.7,96
"Eisiminger, Jared",MIA_RED,97.7,72
"Hale, Charlie",UCO_HUS,97.7,474
"Moehler, Dane",CLE_TIG,97.7,122
"Perando, Austin",TOW_TIG,97.7,161
"Moller, Logan",TEN_TEC,97.7,175
"Porter, Hunter",CHA_BUC,97.7,178
"Alberghini, Kaden",SEA_RED,97.7,133
"Doran, Turner",WMI_BRO,97.7,82
"McClellan, Maximus",CRE_BLU,97.7,89
"Bush, Jordan",IWC,97.7,198
"Quezada, Adrian",QUN_RYL,97.7,547
"Flannery, Boston",NOR_TAR,97.7,235
"Cavey, Owen",BEL_BRU,97.7,319
"Holbrook, Nicholas",GEO_PAN,97.7,206
"Myles, Conor",UTS_ROA,97.7,657
"Swee, Stefan",MON_HAW,97.7,211
"Alderman, Chandler",MTSU_BLU,97.7,747
"Fennell, Connor",VAN_COM,97.7,833
"Loa, Victor",UTR_VAQ,97.7,404
"Rector, Trevor",CSD_TRI,97.7,106
"Tight, Michael",COR_BRE,97.7,293
"Olson, Brayden",THO_M,97.6,381
"Ryden, Tyler",SAM_BEA,97.6,347
"White, Ryan",WCC,97.6,165
"Anderson, Logan",POR_PIL,97.6,187
"Page-Allen, Will",FRE_BUL,97.6,362
"Payne, Alex",LAF_LEP,97.6,316
"Albright, Cody",UNL_REB,97.6,314
"Beard, Austin",MON_HAW,97.6,459
"Baltz, Zane",ALA_HOR,97.6,175
"Jones, Parker",DAV_WIL,97.6,222
"Evans, Joshua",GEO_PAN,97.6,262
"Geddes, Trevor",XAV_MUS,97.6,169
"Mattioli, Christopher",FDU_KNI,97.6,70
"Levy, Lou",BRA_BRA,97.6,422
"Simmons, Owen",CAM_CAM,97.6,381
"Houchens, Sam",RHO_RAM,97.6,383
"Carney, Colin",AUS_GOV,97.6,231
"Carrell, Luke",OSU_BUC,97.6,337
"Turner, Jaiden",CAL_MAT,97.6,274
"McGregor, Tristan",PRE_BLH,97.6,620
"Crane, Bobby",MIC_SPA,97.6,262
"Brown, Jack",LOU_CAR,97.6,375
"Corkrean, Cooper",MEX_LOB,97.6,135
"Johnson, Nolan",TCU_HFG,97.6,294
"Goff, Bryson",NEW_PRI,97.6,656
"Love, Nathan",ORA_GOL,97.5,617
"Sapienza, Matthew",NOR_HUS,97.5,401
"Heppner, Jacob",UTA_WOL,97.5,725
"Thomas, Luke",UNC_SPA,97.5,116
"Cruz, Gabriel",CAM_CAM,97.5,82
"Garner, JD",FLO_RAT,97.5,53
"Boynar, Jake",ALA_LIO,97.5,364
"Grothues, Chris",UCLA,97.5,194
"Boyd, Zach",WM_TRI,97.5,514
"Plata, Garret",PAC_TIG,97.5,753
"Palms, Bryce",YSU_PEN,97.5,98
"Haug, Max",GEO_COL,97.5,794
"Thornbury, Wyatt",FRE_BUL,97.5,354
"New, Raygan",BEL_KNI,97.5,92
"Tracey, Taylor",TEN_VOL,97.5,315
"Lohse, Ian",MIZ_TIG,97.5,171
"Scamardella, Mark",NJI_HIG,97.5,146
"Minckler, Matthew",DEL_BLU,97.5,54
"Enyart, Adam",SAC_HOR,97.5,74
"Hudson, Ben",PEN_NIT,97.5,588
"Seeman, Carson",IND_SYC,97.5,353
"Roettgen, Jacob",MUR_RAC,97.5,69
"Chase, Kyle",STJ_RED,97.5,179
"Guadamuz, Samuel",AKR_ZIP,97.5,59
"Elson, Beau",FOR_RAM,97.5,662
"Dugan, Nick",STA_CAR,97.5,627
"Holzemer, Hunter",SAN_DON,97.5,266
"Sliver, Nolan",KEN_OWL,97.5,723
"Kaneshiro, Kainoa",NEV_WOL,97.5,78
"Barnhouse, Josh",MEX_LOB,97.5,109
"Garcia, JJ",APP_MOU,97.5,175
"Arn, Kade",BGS_FAL,97.5,146
"Appel, Brady",BRA_BRA,97.4,176
"Gilchrist, Robbie",UCO_HUS,97.4,83
"Roe, Brody",VIR_TEC,97.4,277
"Asencio, Dorsy",RHO_RAM,97.4,82
"Steeves, Austin",STA_CAR,97.4,124
"Bridges, Tommy",NOR_CAT,97.4,322
"Stallings, Hayden",LAM_CAR,97.4,364
"Evans, Jarvis",PUR_BOI,97.4,480
"Abraham, Nic",TEN_VOL,97.4,279
"Linn, Conner",IU,97.4,448
"English, Aidan",YSU_PEN,97.4,168
"Kiser, Kaden",CIT_BUL,97.4,96
"Davis, Zach",BRY_BUL,97.4,91
"Gilbert, Aidan",HOL_CRU,97.4,166
"Juntunen, Brody",FAU_OWL,97.4,152
"Rosin, Ben",MUR_RAC,97.4,254
"Lovin, Jack",TAR_TEX,97.4,122
"Rienguette, Scott",WAS_COU,97.4,192
"Teper, Cameron",CAL_LAN,97.4,409
"Hickman, Benton",ARI_WIL,97.4,307
"Wajda, Jack",MUR_RAC,97.4,194
"Holzer, Jakob",SAM_BEA,97.4,246
"Lee, Seth",MEX_LOB,97.4,81
"Kelley, Jack",VIL_WIL,97.4,584
"Diamant, Demitri",UTA_UTE,97.4,387
"Eberle, Ethan",LOU_CAR,97.4,861
"Powers, Callen",UMA_AMH,97.4,289
"Jones, Ben",WES_CHE5,97.4,50
"Chadwell, Jacob",LON_LAN,97.4,122
"Bradberry, Grayson",BUT_BUL,97.4,329
"Thomas, Parker",GEO_PAT,97.4,258
"Siciliano, David",SIE_SAI,97.4,75
"Dillinger, Ethan",AIR_FOR,97.4,454
"Donnelly, Wilson",UNI_WES,97.4,213
"Talarico, Joseph",UCO_HUS,97.4,135
"Baker, Cayden",BAY_BEA,97.4,277
"Treonze, Max",LEH_MOU,97.4,594
"Muscar, Tyler",JMU_DUK,97.4,399
"Cleaver, Ben",KEN_WIL,97.3,559
"Hirsch, Xavier",NOT_IRI,97.3,476
"Oakes, Ryan",NEV_WOL,97.3,516
"Bjorn, Dane",MIZ_TIG,97.3,142
"Kolze, Nick",PUR_BOI,97.3,182
"Pace, Jackson",PEP_WAV,97.3,170
"Espinoza, Jorden",TEX_RAI,97.3,308
"Rivers, Davis",WOF_TER,97.3,90
"Cruz, Bryce",PAC_TIG,97.3,123
"Mayer, Chase",TEX_ISL,97.3,173
"Lyman, John",NIU_HUS,97.3,113
"Farney, Seanan",STE_LUM,97.3,107
"Velino, Tyler",NEW_PRI,97.3,288
"Price, JT",NMS_AGG,97.3,463
"Mawhinney, Josh",UTA_WOL,97.3,242
"Brooks, Ty",IND_SYC,97.3,671
"Nobles, Jake",STM_GAE,97.3,348
"Barnes, Trenton",HBU_HUS,97.3,217
"Sharp, Dax",WIC_SHO,97.3,337
"Doganiero, Antonio",PIT_PAN,97.3,522
"Byers, Carson",MIA_RED,97.3,393
"Mondey, Connor",SAM_BEA,97.3,172
"Musial II, Deuce",HOF_PRI,97.3,182
"Keldsen, Joseph",SOU_RED,97.3,344
"Eagen, Matthew",QUN_RYL,97.3,781
"Landis, Andrew",OAK_GOL,97.3,223
"White, Eddie",SOU_RED,97.3,173
"Smith, Cade",TEX_BOB,97.3,528
"Robinson, Dalton",FAU_OWL,97.3,282
"Holloway, Mason",BIN_BEA,97.3,429
"Wheaton, Gage",NIA_EAG,97.3,397
"Whitaker, James",NOR_CAT,97.3,293
"Barrera, Robert",UIC_FLA,97.3,200
"Holcombe, Huxley",COR_BRE,97.3,719
"Watts, Brady",SOU_IND16,97.3,207
"Grenn, Tyler",NAV_MID,97.3,571
"Pimentel, Nathaniel",CSU_BAK,97.3,96
"LaBuda, Maddex",QUI_BOB,97.3,83
"Lancaster, Hazen",UNC_SPA,97.3,69
"Harris, Cooper",SAM_BEA,97.3,208
"Rhein, Colin",BIN_BEA,97.3,51
"Bowery, Eli",PRE_BLH,97.3,297
"Labonte, Will",POR_PIL,97.3,350
"Hausner, Anthony",GAR_RUN,97.3,107
"Deverman, Kenton",EVA_ACE,97.3,542
"Marsh, Remy",HBU_HUS,97.3,112
"Dowd, Aidan",FOR_RAM,97.2,532
"Duke, Tristan",BRA_BRA,97.2,106
"Sweeney, Caleb",LOY_LIO,97.2,337
"Henson Jr., Brian",EMU_EAG,97.2,227
"Harrington, Lucas",NOR_DEM,97.2,194
"Seelig, Koby",COL_LION,97.2,124
"Phillips, Brennan",OKL_COW,97.2,363
"Kriley, Devin",ALC_BRA,97.2,110
"Pfister, Jax",NCB,97.2,165
"Winterhalder, Ian",SAC_HOR,97.2,292
"Vargas, Jordan",FLO_PAN,97.2,280
"Rosado, Kaniel",UCF_KNI,97.2,142
"Tsengeg, Amar",WIC_SHO,97.2,316
"Santos-Olson, Sebastian",MIA_HUR,97.2,471
"Gubitosi, Anthony",IU,97.2,79
"Rucker, Ethan",GEO_HOY,97.2,116
"Johnson, Noah",SOU_COU,97.2,406
"Ruggiero, Dominic",RIC_SPI,97.2,189
"Smith, Jackson",SIU_SAL,97.2,95
"Qualia, Jake",UTS_ROA,97.2,285
"Micklinghoff, Gavin",NIU_HUS,97.2,165
"Heflin, Tyler",YSU_PEN,97.2,286
"Williamson, Nolan",VIR_KEY,97.2,70
"Sivley, Kros",SOU_GOL,97.2,461
"Fernsler, Uli",TCU_HFG,97.2,200
"Berzonski, Josh",VIR_TEC,97.2,224
"Galvan, Noah",ABI_WIL,97.2,154
"Ross, William",NOF_OSP,97.2,129
"Stahl, Stefan",BAY_BEA,97.2,123
"Longoria, Tyler",STJ_RED,97.1,208
"VanDeWater, Ryan",MAR_RED,97.1,82
"Haught, Noah",RIC_SPI,97.1,68
"Henrich, Kevin",ALA_LIO,97.1,60
"Van Sice, Ethan",COR_BRE,97.1,499
"Salas, Isaiah",MIZ_TIG,97.1,161
"Amborn, Cal",SAN_DON,97.1,189
"Kaiser, Ian",BIN_BEA,97.1,105
"Morell, Jake",SEA_RED,97.1,478
"Alvarez, Diego",MEX_LOB,97.1,95
"Smith, Glenn",RIC_SPI,97.1,450
"Henshaw, Tyler",CHA_BUC,97.1,174
"Gruber, Chayse",RIC_SPI,97.1,415
"King, Brandon",UTM_SKY,97.1,130
"Serup, Zack",WES_HIL,97.1,388
"Stockham, Addison",EKU_COL,97.1,328
"Barnes, Bradyn",NMS_AGG,97.1,425
"Dahlof, Jordan",OAK_GOL,97.1,494
"Rusinek, Jesse",TEX_RAI,97.1,272
"Pfeiffer, Michael",EMU_EAG,97.1,436
"Miller, Brendon",FAI_STA,97.1,190
"Miller, Easton",AIR_FOR,97.1,239
"Woodward, Jarek",FLO_PAN,97.1,257
"Vogel, Jacob",IU,97.1,428
"Thornbury, Weston",FRE_BUL,97.1,332
"Cooper, Camden",OAK_GOL,97.1,226
"Vining, Aidan",BRY_BUL,97.1,356
"Okonkwo, Jackson",OLD_MON,97.1,367
"Schiff, Cole",BRY_BUL,97.1,309
"Krause, Christian",CHA_BUC,97.1,293
"Cowgill, Silas",CEN_BEA,97.1,153
"Cotten, Andrew",ETS_BUC,97.1,195
"Chow, Nick",SAN_BRO,97.0,296
"Zerr, Aiden",NOT_IRI,97.0,255
"Parker, Ryan",SAC_PIO,97.0,364
"DeSchryver, Nate",SAN_TOR,97.0,490
"Basso, Owen",LAF_LEP,97.0,362
"Allen, Will",USF_BUL,97.0,256
"Patterson, Parker",MUR_RAC,97.0,234
"Boyd, Carter",MUR_RAC,97.0,251
"Solis, Anthony",EIU_PAN,97.0,381
"Grass, Logan",ETS_BUC,97.0,138
"Nace, Breckin",RAD_HIG,97.0,354
"Jergins, Andrew",GEO_HOY,97.0,82
"Guillory, Keyon",GRA_TIG,97.0,260
"Ray, Tyler",DIX_STE,97.0,592
"Trenerry, Joe",PUR_BOI,97.0,149
"Alagheband, Luca",HAR_CRI,97.0,527
"Sword, William",PRI_TIG,97.0,517
"Rutledge, Trey",AIR_FOR,97.0,315
"Buchanan, Brett",WIU_LEA,97.0,223
"James, RJ",EVA_ACE,97.0,94
"Coleman, Aidan",ABI_WIL,97.0,622
"Mason, Mikelle",TEX_TIG,97.0,51
"Pontari, Matthew",SET_PIR,97.0,252
"Rogalski, Elijah",SAC_HOR,97.0,189
"Giesige, Cole",TOL_ROC,97.0,246
"Hliboki, Sam",NOR_CAT,97.0,553
"Huke, Ray",COL_LION,97.0,309
"Graydon, Trey",GAR_RUN,97.0,67
"Austin, Owen",WCC,97.0,269
"Dabbs, Cash",ULM_WAR,97.0,340
"Danyluk, Jake",MON_HAW,97.0,137
"Och, Josh",SOU_GOL,97.0,491
"Codington, Parker",PRI_TIG,97.0,261
"Howe, Pierson",PEP_WAV,97.0,268
"Carrasquilla  Jr, Julian",BET_WIL,97.0,132
"Volo, Jack",GEO_HOY,96.9,141
"Thyen, Liam",GEO_COL,96.9,151
"Busby, Trevor",SAN_DON,96.9,63
"Warady, Tanner",LOY_LIO,96.9,185
"Echols, Taylor",MIA_RED,96.9,84
"Herchelroath, Cy",AKR_ZIP,96.9,89
"Hammer, Kale",SEA_RED,96.9,767
"Baiotto, Ethan",TEN_VOL,96.9,181
"Waldeck, Noah",STM_GAE,96.9,395
"Beruvides, Freddy",PIT_PAN,96.9,257
"Harding, Henry",HOL_CRU,96.9,305
"Core, Joel",STE_HAT,96.9,518
"Swanson, Deron",TOL_ROC,96.9,474
"Johnson, Alec",LOY_LIO,96.9,642
"Weygandt, Coop",VCU_RAM,96.9,144
"Malamed, Reuben",NIA_EAG,96.9,192
"Crane, Wayland",BYU_COU,96.9,745
"Frey, Chase",GRA_CAN,96.9,668
"Elkovitch, Weston",CAN_GRI,96.9,133
"Garner, Seth",MT,96.9,550
"Bendik, Brady",NAV_MID,96.9,927
"Hudson, Brady",NCB,96.9,224
"Barfield, Brett",GIT_YEL,96.9,198
"Svenson, Steve",SET_PIR,96.9,533
"Rice, Aaron",UTA_WOL,96.8,268
"Quimby, Bryant",SAL_JAG,96.8,266
"Archer, Ganon",IOW_HAW,96.8,93
"Young, Drue",EVA_ACE,96.8,199
"Richwine, Charlie",WM_TRI,96.8,369
"Gibson, Grayson",OLE_REB,96.8,226
"Smith, Jack",HAR_CRI,96.8,267
"Quintana, Gregory",LAF_LEP,96.8,584
"Foertsch, Tanner",UNO_MAV,96.8,550
"Garula, Brenden",CIN_BEA,96.8,252
"Gerfers, Jason",LON_DIR,96.8,618
"Landen, Trevor",NCB,96.8,348
"Lax, Chet",WRI_RAI,96.8,538
"Pokrovsky, Luke",PEN_QUA,96.8,271
"Garvey, Jack",NEW_PRI,96.8,390
"Henderson, Eli",EMU_EAG,96.8,268
"Rizzo, Nicholas",SBU_SEA,96.8,334
"Kochany, Ben",MIC_SPA,96.8,103
"Thomas, Jake",BUT_BUL,96.8,341
"Stephens, Spencer",NAV_MID,96.8,299
"Dendekker, Zach",LOY_LIO,96.8,526
"Nichols, James",MER_COL1,96.8,146
"Morgan, Parker",MCN_COW,96.8,362
"Roventini, Jack",VIL_WIL,96.8,182
"Bradley, Grant",MIC_WOL,96.8,354
"DeHaven, Ryan",WES_CHE5,96.8,67
"Gunn, Davis",MAR_THU,96.8,252
"Mertens, Nathan",SOU_RED,96.8,496
"Meek, Jack",CAL_AGO,96.8,178
"Batten, Chase",ABI_WIL,96.8,92
"Middleton, Jake",SAL_JAG,96.8,213
"Capellupo III, James",STB_BON,96.8,180
"Rodriguez, Erik",WAS_COU,96.8,233
"Morano, Josh",CAL_MUS,96.8,480
"Paxson, Will",OAK_GOL,96.8,50
"Greer, Sam",STJ_HAW,96.8,418
"Nelson, Jack",ASU_RED,96.8,797
"Martinez, Joshua",CAL_HIG,96.8,121
"Barna, Branden",NCA_BUL,96.8,184
"Meeks, Mattox",FGCU,96.8,71
"Swinehart, Dalton",VAL_CRU,96.8,253
"Barbier, Luke",SOU_LIO,96.8,153
"Rybarczyk, Tresdon",ILL_RED,96.8,64
"Seneres, Evan",CSD_TRI,96.7,103
"Siegner, Drew",LON_LAN,96.7,468
"Butler, Ryan",OSU_BUC,96.7,174
"Sherwood, Clayton",FLO_PAN,96.7,92
"Plisinski, Austin",PEP_WAV,96.7,256
"Pease, Jaxson",TEN_TEC,96.7,733
"Lebel, Colin",GEO_COL,96.7,409
"Parker, Aiden",GEO_PAT,96.7,378
"Spencer, Casey",AZU_PAC,96.7,61
"Lucero, Adyn",NAV_MID,96.7,63
"Milburn, Aiden",BIN_BEA,96.7,305
"Johnson, Zach",CAL_MAT,96.7,361
"Ward, Patrick",FAU_OWL,96.7,118
"Moore, Cooper",ORA_GOL,96.7,85
"Hilsenroth, Max",NEW_HAV,96.7,121
"Fellings, Tro",PUR_BOI,96.7,60
"Wilson, Bryce",LOU_CAJ,96.7,82
"Harding, Thomas",STJ_RED,96.7,280
"Pena, Esaid",ALA_HOR,96.7,317
"Reiser, Justis",BYU_COU,96.7,384
"Andrews, Tyler",UWM_PAN,96.7,112
"Horwat, Mason",PEN_NIT,96.7,370
"Oliff, Carter",ETS_BUC,96.7,286
"Tomlinson, Houston",ASU_RED,96.7,107
"Thompson, Gavin",BRA_BRA,96.7,413
"Romer, Nick",STJ_RED,96.7,57
"Costarelli, Thomas",ETS_BUC,96.7,319
"Bilo, Michael",WRI_RAI,96.7,247
"Hwang, Alex",YAL_BUL,96.6,296
"Bolivar, Saul",CSU_BAK,96.6,214
"Armistead, JW",SOU_GOL,96.6,267
"Bednar, Taylor",AKR_ZIP,96.6,259
"Lucas, Isaac",MT,96.6,329
"Rifenburg, Jake",NOR_CAT,96.6,579
"Foster, Max",COR_BRE,96.6,267
"Salicco, Mark",HIG_PAN,96.6,181
"Egan, Cole",EMU_EAG,96.6,232
"Glenn, Luke",NIA_EAG,96.6,130
"Tovar, Jesus",TEX_BOB,96.6,592
"Karpaitas, Shawn",LAS_EXS,96.6,134
"McCarroll, Ryan",NOR_HUS,96.6,144
"Delph, Michael",ARM_BLA,96.6,230
"Steventon, Joseph",WAG_SEA,96.6,219
"Urquidi, Niko",CAL_LAN,96.6,470
"Garcia, Christian",SAN_TOR,96.6,224
"Jones, Silas",UTM_SKY,96.6,125
"McNiel, Brody",MIS_BEA,96.5,80
"Alloway, Gavin",RID_BRO,96.5,66
"Prestwich, Chase",NOR_DEM,96.5,154
"Roundy, Brock",DIX_STE,96.5,522
"Casabella, Carter",TEN_TEC,96.5,672
"Potts, Tyson",CEN_MIC,96.5,434
"McAlinden, Shane",CSU_BAK,96.5,624
"Simmons, Sawyer",SOU_LIO,96.5,63
"Kidwell, Tyler",LAF_LEP,96.5,233
"Marley, Gavin",ECU_PIR,96.5,417
"Kratt, Spencer",SAN_SPA,96.5,134
"Buckner, John Paul",TEX_ISL,96.5,58
"Mabrey, Mack",LIP_BIS,96.5,304
"Lyons, Gavin",TEX_AGG,96.5,781
"Stearns, Spencer",SOU_COU,96.5,610
"Lofgren, Brixton",MIA_HUR,96.5,150
"Wentworth, T.P.",OKL_COW,96.5,382
"Moraitakis, Aubrey",BEL_BRU,96.5,272
"Dill, Matt",TRO_TRJ,96.5,312
"Garman, Grant",HAW_WAR,96.5,91
"Mucciarone, Alfred",UMASS_RIV,96.5,343
"Hauser, Rex",MAI_BLA,96.4,50
"Rhyne, Davis",AIR_FOR,96.4,362
"Smith, Brevin",YSU_PEN,96.4,154
"Mulholland, Billy",BRY_BUL,96.4,120
"Thornton, Quincy",SOU_JAG,96.4,182
"Thomas, Hayden",COL_CHA,96.4,237
"Gariano, Ralph",LEH_MOU,96.4,194
"Alston, Miller",WOF_TER,96.4,95
"Miller, Nik",NEV_WOL,96.4,350
"McKenzie, Patrick",VIL_WIL,96.4,142
"Putnam, Colby",GAR_RUN,96.4,231
"Kimball, Carson",FAU_OWL,96.4,308
"Capistran, Rafael",GRA_TIG,96.4,281
"Dubois, Harrison",WIU_LEA,96.4,267
"Schat, Luke",NEV_WOL,96.4,136
"Hodges, Bradley",SOU_GAM,96.4,65
"Kochanowicz, Cole",LEH_MOU,96.4,320
"Roder, Ty",BGS_FAL,96.4,279
"Shelton, Braxton",UAB_BLA,96.4,427
"Lombana, Andrew",DAR_GRE,96.4,165
"Pickens, John Michael",MTSU_BLU,96.4,461
"Ehmke, Aric",UWM_PAN,96.4,429
"Winfield, Nolan",UNC_SPA,96.4,257
"Cox, Chance",AUS_GOV,96.4,469
"Benson, Ayden",WIC_SHO,96.4,56
"Schoneboom, Kevin",UCF_KNI,96.4,414
"Falace, Sam",SIE_SAI,96.4,54
"Rheaume, Matthew",HBU_HUS,96.4,169
"Andrews, Jake",MSM_MTN,96.4,69
"Williams, Davis",UNI_WES,96.4,174
"Alduino, Matthew",QUI_BOB,96.3,197
"Iglesias, Justin",PAC_TIG,96.3,81
"McKinney, Liam",SLU_BILL,96.3,347
"Franconere, JC",QUI_BOB,96.3,206
"Scheider, Calen",BRA_BRA,96.3,446
"Parache, Nuno",NIC_COL,96.3,663
"Baack, Cohen",UTA_WOL,96.3,264
"Kemp, Nolan",THO_M,96.3,82
"Valdez, Jonathan",STE_LUM,96.3,120
"Burton, Trey",JAC_TIG,96.3,199
"Thornton, Joseph",GON_BUL,96.3,323
"Murphy, Tyler",FAU_OWL,96.3,585
"Wolf, Conner",WES_HIL,96.3,208
"Fry, Dale",LON_ISL22,96.3,143
"Anderson, Ian",SOU_IND16,96.3,139
"Destefanis, Matt",LAS_EXS,96.3,141
"Peterson, Nic",SAN_GAU,96.3,61
"Turner, Tommy",RHO_RAM,96.3,282
"Wright, Luke",LIN_UNI,96.3,174
"Moulin, Benjamin",PEN_QUA,96.3,300
"Gambardella, Gianni",MAI_BLA,96.3,469
"Vandegrift, Landon",AKR_ZIP,96.3,253
"Rawlings, Eric",WIU_LEA,96.3,326
"Kossow, Jackson",ION_GAE,96.3,82
"Castano, Louis",HBU_HUS,96.3,558
"Hartmann, Max",LAM_CAR,96.3,91
"Graham-Pippin, Seth",UTA_UTE,96.3,284
"Fitzpatrick, PJ",WOF_TER,96.3,193
"Williams, JB",CEN_BEA,96.3,240
"Medley, Drew",COL_CHA,96.3,95
"Bosch, Case",COA_CHA,96.3,499
"Watt, Liam",DAL_PAT,96.3,602
"Edwards, Grant",GEO_BUL,96.2,166
"Von Zuben, Aidan",PEN_QUA,96.2,372
"Bashore, Peter",STJ_HAW,96.2,214
"Draper, Cole",WOF_TER,96.2,58
"Filer, Noah",PUR_BOI,96.2,205
"Beezley, Josh",LIT_TRO,96.2,227
"Smothers, Logan",MUR_RAC,96.2,105
"Dougan, Justin",CAL_HIG,96.2,127
"Kollen, Graham",PUR_BOI,96.2,282
"Holst, Joshua",AIR_FOR,96.2,592
"Trotter, Logan",NOR_DEM,96.2,139
"Smith, Cooper",NCA_BUL,96.2,306
"Gaskey, Blake",NIU_HUS,96.2,522
"Trier, Hayden",EIU_PAN,96.2,100
"Kaufman, Brady",PRI_TIG,96.2,276
"Mihalinac, Talon",NJI_HIG,96.2,82
"Scott, Stratton",ETS_BUC,96.2,249
"Horras, Jackson",BRA_BRA,96.2,207
"Shupe, Garrett",NOR_BIS,96.2,236
"Whitmer, Max",GEO_HOY,96.2,134
"Beasley, James",PRI_TIG,96.2,523
"Self, Ryan",UTS_ROA,96.2,308
"Creed, Will",RHO_RAM,96.2,98
"Fabian, Kenney",ARK_LIO,96.2,263
"Surigao, Joshua",WES_MOU,96.2,61
"Kenneally, Brendan",MON_HAW,96.2,496
"Smith, Hayden",TRO_TRJ,96.2,229
"Reed, Caleb",WIC_SHO,96.2,429
"Strmiska, Caleb",ULM_WAR,96.2,240
"Fabian, JT",WIU_LEA,96.2,144
"Ambrose, Chase",SOU_LIO,96.2,165
"Kleinhans, Evan",COL_LION,96.2,381
"Whited, Cooper",FLO_SEM,96.2,293
"Smoot, Jacob",MAN_JAS,96.1,77
"Rogan, Patrick",SAC_PIO,96.1,158
"Skelding, Tommy",KEN_WIL,96.1,244
"Strout, Chris",FDU_KNI,96.1,76
"de Jong, Justice",AUB_TIG,96.1,75
"Angus, Jack",EMU_EAG,96.1,102
"Bultemeier, Justin",VAL_CRU,96.1,445
"Kahn, Matthew",VIL_WIL,96.1,444
"Ciampa, Tristan",STB_BON,96.1,252
"Fabre, Larson",SOU_LIO,96.1,192
"Hooker, Jake",XAV_MUS,96.1,330
"Johnston, Connor",RHO_RAM,96.1,493
"Prosper, Genesis",SOU_JAG,96.1,261
"Majerus, Landon",THO_M,96.1,102
"Pineiro, Joel",CIN_BEA,96.1,284
"Finn, Bobby",VIL_WIL,96.1,346
"Markwardt, Ryan",TEX_BOB,96.1,206
"Frost, Hunter",VAL_CRU,96.1,113
"DeProspero, Dutch",TOW_TIG,96.1,497
"Burns, Conor",STJ_RED,96.1,228
"Berryman, Porter",BRO_BEA,96.1,65
"Haider, Rylan",WAS_COU,96.1,283
"Lind, Parker",KS_GF,96.1,117
"Kittredge, Ryan",UTA_UTE,96.1,417
"Kester-Johnson, Trevor",PUR_BOI,96.1,205
"Keplinger, Konner",UAB_BLA,96.1,314
"Pollaro, Jake",DEL_BLU,96.1,233
"Loeffler, Jacob",ALA_HOR,96.1,245
"Downs, Chris",CAL_MUS,96.0,471
"Magill, Carson",STJ_HAW,96.0,323
"James, Devin",SAC_HOR,96.0,164
"Soder, Kaden",UTA_UTE,96.0,141
"Walls, Brayden",LIT_TRO,96.0,263
"Linde, Simon",BUT_BUL,96.0,227
"Dermody, JC",ULM_WAR,96.0,707
"Dove, Kendall",UTS_ROA,96.0,465
"LeFrancois, Jake",UMASS_RIV,96.0,119
"Erdman, Zach",PUR_BOI,96.0,667
"Caietta, Frank",SPU_PEA,96.0,77
"Paschke, Tanner",LIN_UNI,96.0,186
"Lang, Dan",STO_COL,96.0,210
"Ho, Chris",SET_PIR,96.0,97
"Fieger, Drew",EVA_ACE,96.0,61
"Golden, Cooper",MCN_COW,96.0,780
"Gyauch-Quirk, Noah",LEH_MOU,96.0,275
"Reilly, James",NEW_HAV,96.0,111
"Barnett, Michael",UCLA,96.0,705
"Skolfield, Dylan",ARL_MAV,96.0,181
"Hendrix, Charlie",GEO_HOY,96.0,181
"Steht, Aiden",MT,96.0,206
"Blackwell, Jake",MCN_COW,96.0,332
"Percival, Kyle",NOR_TAR,96.0,86
"Beck, Carter",AKR_ZIP,96.0,106
"Tollett, JR",LOU_CAJ,96.0,628
"Farmer, Camden",MIS_DEL,96.0,124
"Herrera, Isaac",PRA_PAN,96.0,99
"Canizares, Matt",SBU_SEA,95.9,205
"Fuller, Landon",IWC,95.9,176
"Marks, Brayden",NOR_BIS,95.9,376
"Bouknight, Cade",WOF_TER,95.9,389
"Payton, Ransom",EKU_COL,95.9,104
"Byberg, Owen",EVA_ACE,95.9,563
"Baker, Eli",RAD_HIG,95.9,154
"Cartledge, Clay",EKU_COL,95.9,260
"Schlageter, TJ",LOU_CAR,95.9,192
"Burns, Zane",OKL_COW,95.9,347
"Feidt, Nolan",STB_BON,95.9,523
"Horvath, Adam",JMU_DUK,95.9,312
"Canale, Billy",MOY_MOY,95.9,103
"Tubbs, Adam",ULM_WAR,95.9,317
"Duff, Lane",JMU_DUK,95.9,134
"Rudolph, Kyle",MIC_SPA,95.9,253
"Greeley, JD",MIC_SPA,95.9,153
"Cushnie, Ben",SOU_TRO,95.9,176
"Johnson, Hudson",CIN_BEA,95.9,75
"Radbill, Henry",RUT_SCA,95.9,410
"Kennedy, Greg",EMU_EAG,95.9,166
"Crowther, Ashton",ALA_CRI,95.9,306
"Jones, Jack",CAL_MAT,95.9,256
"Albright, Blaine",MAR_THU,95.9,304
"Zawatsky, Jake",UMASS_RIV,95.9,66
"Coniglio, Nick",NOR_HUS,95.9,91
"Kazee, Dylan",AUS_GOV,95.9,52
"Poirrier, Cole",NIC_COL,95.8,156
"Horati, Mohamed",GRA_TIG,95.8,210
"Mecchella, Tyler",FLO_PAN,95.8,70
"Garcia, EJ",IWC,95.8,406
"Beck, Sam",UNO_MAV,95.8,345
"Bourque, Tom",WM_TRI,95.8,417
"Ertel, Brant",GEO_PAT,95.8,209
"Schweitzer, Jake",LOU_CAR,95.8,373
"Taylor, Will",MAR_RED,95.8,251
"Wyland, Brandon",DIX_STE,95.8,150
"Riggs, Nicholas",UNO_MAV,95.8,155
"Kalkbrenner, Craig",GEO_EAG,95.8,435
"Regal, Ian",BUT_BUL,95.8,88
"Eaton, Colin",ETS_BUC,95.8,130
"Do, Tyler",MEX_LOB,95.8,214
"Sohosky, Zac",MIA_RED,95.8,528
"Anvar, Bijan",RIC_SPI,95.8,271
"Mowad, Ian",STJ_RED,95.8,631
"Wright, Davis",WCC,95.8,696
"Iverson, Drew",UNO_MAV,95.8,155
"Roberts, David",STM_GAE,95.8,246
"Lopez, Jordy",CAL_BEA,95.8,158
"Banner, Dylan",ALB_GRE,95.8,402
"DeLucia, Drew",AUS_GOV,95.8,178
"Zambrano, Jean Carlos",BET_WIL,95.8,72
"Gonzales, Thomas",SAN_DON,95.8,237
"Kelly, Jack",STB_BON,95.8,181
"Louthan, Ethan",NCB,95.8,150
"Borsari, James",MER_COL1,95.8,55
"Nunnally, Blaine",EIU_PAN,95.7,99
"Nichols, Luke",LOU_BUL,95.7,450
"Esparza, Trevor",GRA_TIG,95.7,261
"Nelson, Drew",BRO_BEA,95.7,611
"Hawkins, Mitch",SAC_PIO,95.7,172
"McKelvey, Adam",GIT_YEL,95.7,120
"Templeton, Cody",STE_LUM,95.7,291
"Price, Jacob",EKU_COL,95.7,863
"Bowers, Andrew",CIT_BUL,95.7,402
"Levine, Jack",UMA_AMH,95.7,118
"O'Brien, Matthew",CAL_HIG,95.7,381
"Bobb, Easton",THO_M,95.7,92
"Waterman, Ben",LAF_LEP,95.7,373
"Korthas, Jack",COL_LION,95.7,235
"Maloney, Evan",RHO_RAM,95.7,329
"Dobie, Jayce",NEV_WOL,95.7,310
"Dockan, Brady",CAL_FUL,95.7,178
"Carlin, Caden",MON_HAW,95.7,190
"Gutierrez, Jesse",SAN_SPA,95.7,230
"Vandenbosch, Evan",WIN_EAG,95.7,249
"Webb, Davis",BRA_BRA,95.7,508
"Singleton, Luke",TEX_ISL,95.7,143
"Jeon, David",ABI_WIL,95.7,244
"Menjivar, Diego",BRA_BRA,95.7,100
"Valadez, Danny",ARL_MAV,95.7,169
"Schumacher, Maxwell",UTM_SKY,95.7,251
"Henshaw, Dylan",SBU_SEA,95.6,309
"Hartman, Trace",STE_HAT,95.6,613
"Baker, Derek",WM_TRI,95.6,178
"Havern, Jacob",ARL_MAV,95.6,239
"Kline, Brenden",BRO_BEA,95.6,208
"Kroepel, Ryan",DIX_STE,95.6,269
"Buchanan, Joey",BGS_FAL,95.6,83
"Green, Mason",BAY_BEA,95.6,58
"Coulter, Bryce",CIT_BUL,95.6,383
"Garino, Ryder",NOR_WOL,95.6,381
"Han, Heeryun",TEX_RAI,95.6,224
"Kafka, Joey",VAL_CRU,95.6,187
"Burnham, Jacob",BOC_EAG,95.6,523
"Ishida, Sotaro",UWM_PAN,95.6,120
"Johnson, Jason",NOR_AGG,95.6,185
"Beaty, Jake",APP_MOU,95.6,189
"Shea, Bryson",TEX_ISL,95.6,151
"Anzaldi, Anthony",NJI_HIG,95.6,168
"Scott, Daniel",MIS_DEL,95.6,66
"Toporek, Jake",TUL_GRE,95.6,530
"Pomponi, Braden",LAF_LEP,95.6,194
"Ates, Trey",ARM_BLA,95.6,598
"Vargas, Tyler",WAG_SEA,95.6,163
"Benko, Troy",MIA_RED,95.6,308
"Kanipe, Alex",BUT_BUL,95.6,139
"Crooms, Brian",GEO_PAN,95.6,627
"Ruhl, Jakob",CRE_BLU,95.6,431
"Smelcer, Cranz",AIR_FOR,95.6,102
"Kuhn, Jason",SET_PIR,95.5,341
"Seneker, Charlie",WM_TRI,95.5,300
"Stumpf, Liam",CEN_MIC,95.5,241
"Hopper, Kyle",JUD,95.5,106
"Edwards, Grant",UNI_WES,95.5,216
"Christopher, Adam",CAL_MAT,95.5,362
"McBurney, Calvin",BRO_BEA,95.5,95
"Hindy, Mark",TEN_VOL,95.5,90
"Robinson, Kevin",NOR_DEM,95.5,535
"Pointbrant, Dominic",USF_BUL,95.5,390
"Oak, Deaton",BEL_KNI,95.5,215
"Williams, Tyrell",PRE_BLH,95.5,846
"Cabrera, Antonio",SAN_DON,95.5,59
"McKillop, Liam",ILL_ILL,95.5,120
"Kriebel, Chase",PIT_PAN,95.5,114
"McDuffie, Reece",TEN_TEC,95.5,319
"Michel, Sam",NOR_CAT,95.4,67
"Hernandez, Gabriel",CAL_MAT,95.4,689
"Hansen, Cade",BAY_BEA,95.4,316
"Miller, Gavin",GEO_COL,95.4,421
"Smith, Kaleb",LIB_FLA,95.4,146
"Moore, Wesley",GEO_PAN,95.4,103
"Lueck, Reese",UNL_REB,95.4,572
"Barroqueiro, Jayden",SET_PIR,95.4,485
"Huspen, Colin",IWC,95.4,92
"Thomas, Kurtis",SPU_PEA,95.4,175
"Toney, Sawyer",ALA_LIO,95.4,237
"Wemer, Kale",YSU_PEN,95.4,210
"Rico, Erik",FRE_BUL,95.4,155
"Van Ameyde, Chase",NOT_IRI,95.4,154
"Powers, Kyle",JUD,95.4,174
"Richardson, Hunter",MAR_THU,95.4,197
"Rasmussen, AJ",THO_M,95.4,164
"King, Kody",CAL_MAT,95.4,288
"Vallejo, Carlos",UTR_VAQ,95.4,260
"Cody, Hayden",SAN_TOR,95.4,395
"Drumm, Jake",GEO_PAT,95.4,660
"Dicks, Gavin",JUD,95.4,174
"Murdock, Mason",UNC_SEA,95.4,61
"Ulloa, Gethse",CSU_BAK,95.4,94
"Pare, Matteo",TRO_TRJ,95.4,61
"Sheets, Seaver",ULM_WAR,95.3,301
"Moser, Logan",NCB,95.3,183
"Riordan, Tade",NJI_HIG,95.3,115
"Chronister, Ashton",XAV_MUS,95.3,460
"Rodriguez, BJ",FRE_BUL,95.3,423
"Cuellar, Justin",FRE_BUL,95.3,338
"Mattix, Adison",AKR_ZIP,95.3,57
"Hard, Kyle",ION_GAE,95.3,66
"Anders, Jonathan",SAM_BEA,95.3,184
"Bryan, Dylan",DEL_BLU,95.3,99
"Bell, Mason",SOU_IND16,95.3,53
"Katsaros, George",SAC_PIO,95.3,161
"Seid, Spencer",GEO_HOY,95.3,371
"Hagen, Jack",BUT_BUL,95.3,267
"Ross, Josiah",AKR_ZIP,95.3,370
"Spencer, Bobby",SOU_JAG,95.3,186
"Overbeek, JoJo",ARM_BLA,95.3,118
"Fugate, Connor",GEO_EAG,95.3,149
"Wade, Holden",GEO_EAG,95.3,109
"Kiesiner, Christopher",MER_COL1,95.3,134
"Brown, Ian",NAV_MID,95.3,271
"Penney, Ryan",PRI_TIG,95.3,436
"Humphreys, Jett",WM_TRI,95.2,189
"Seidman, Tyler",BUC_BIS,95.2,404
"Horvath, David",MON_HAW,95.2,201
"Witmer, Reilly",FAU_OWL,95.2,160
"Dyess, Caleb",NIC_COL,95.2,105
"Delvecchio, Matthew",FLO_PAN,95.2,84
"Johnson, Patrick",OLD_MON,95.2,260
"Williams, Basilio",PRA_PAN,95.2,54
"Rylance, Kaden",SOU_JAC,95.2,285
"Brown, CJ",CSU_BAK,95.2,249
"Moreno, Joseph",STM_GAE,95.2,290
"Collier, Joey",AIR_FOR,95.2,105
"Kent, Tommy",MON_HAW,95.2,241
"Mitchell, Bryce",BUC_BIS,95.2,258
"Sarabia, Jonah",USF_BUL,95.2,173
"Strickland, Alex",LON_LAN,95.2,125
"Biemiller, Reed",FGCU,95.2,176
"Croghan, Kamden",PEP_WAV,95.2,218
"Potts, Zach",WM_TRI,95.2,143
"Rondini, Andrew",RUT_SCA,95.2,399
"Stockman, Sam",THO_M,95.2,176
"Terry, Jace",LAS_EXS,95.2,439
"Chavez, Jack",VIL_WIL,95.2,342
"Edwards, Lucas",LAS_EXS,95.2,110
"Wall, Carter",STJ_RED,95.1,72
"Diaz, Anthony",RIC_OWL,95.1,386
"Immel, Dylan",VAL_CRU,95.1,154
"Clayton, Canaan",ULM_WAR,95.1,87
"Speicher, Matthew",STJ_HAW,95.1,317
"Castro, Alessandro",NEV_WOL,95.1,501
"Grayson, William",WAG_SEA,95.1,117
"Beuter, Gavin",PUR_BOI,95.1,254
"Vokal, Jacob",DAV_WIL,95.1,381
"Greeley, J.D.",MIC_SPA,95.1,65
"Drew, Kadden",MIZ_TIG,95.1,116
"Gilman, Kasey",PRI_TIG,95.1,278
"Harris, Drew",GEO_COL,95.1,327
"Burden, Alex",BAL_CAR,95.1,272
"Mulvehill, Jake",LEH_MOU,95.1,443
"Harbert, Chris",UMBC_RET,95.1,353
"Briggs, Asa",NMS_AGG,95.1,123
"Francis, Jake",VIL_WIL,95.1,408
"Timmons, Carson",NMS_AGG,95.1,219
"Bauer, Jackson",HOF_PRI,95.1,435
"Mason, Alex",GEO_EAG,95.1,538
"Bruno, Nick",NCA_BUL,95.1,126
"Weber, Ben",VIR_TEC,95.1,155
"Eneix, Jeremiah",SOU_JAG,95.1,122
"Gonzalez, Aidan",SAN_TOR,95.1,155
"Hojnowski, John",TOL_ROC,95.0,310
"Cruz, Matthew",RUT_SCA,95.0,253
"Greer, Brennan",STE_LUM,95.0,92
"Aasland, Tristan",UCO_HUS,95.0,203
"Steinhoff, Anthony",WIU_LEA,95.0,88
"Intagliata, Bryce",DIX_STE,95.0,74
"Teinert, Cameron",UNO_MAV,95.0,195
"Littledike, Cooper",UTA_WOL,95.0,371
"Hicks, Justin",UAB_BLA,95.0,324
"Okeeffe, Shaun",GEO_PAT,95.0,70
"Albrecht, George",UTA_WOL,95.0,226
"Bacosa, Kyler",SAN_SPA,95.0,105
"Velasquez, Roberto",VIR_KEY,95.0,667
"Targac, Titan",TEX_BOB,95.0,315
"Sorlie, Chase",SAC_HOR,95.0,443
"Johnson, Dylan",STJ_RED,95.0,278
"Callanan, Brendan",ION_GAE,95.0,289
"Baxter, Brady",ALA_ANM,95.0,81
"Kahn, Davis",HAR_CRI,94.9,513
"Kropis, Tyler",ETS_BUC,94.9,193
"Gable, Brett",HAR_CRI,94.9,291
"Groce, Garrett",AKR_ZIP,94.9,189
"McKay, Gus",IWC,94.9,530
"Dagley, Ty",LAM_CAR,94.9,275
"Clayton, Jaxon",BYU_COU,94.9,115
"Reese, James",LAF_LEP,94.9,209
"Smith, Griffin",WAS_COU,94.9,466
"Hagler, Micah",SEA_RED,94.9,585
"Hansen, Cole",ELO_PHO,94.9,440
"Sjuts, Jacob",SOU_JAC,94.9,182
"Hanson, Gerald",NOK_NOR,94.9,109
"Buckler, Ryan",FAU_OWL,94.9,162
"Morris, Khris",RIC_SPI,94.9,134
"Holmstrom, Keegan",WRI_RAI,94.9,124
"Bowling, Koen",MSM_MTN,94.9,53
"Newman, Dawson",VCU_RAM,94.9,479
"Campbell, Logan",SOU_JAC,94.9,218
"Holland, Brendan",JUD,94.9,244
"Etwaru, Kai",NOF_OSP,94.9,349
"Patterson, Will",ABI_WIL,94.9,134
"Rodgers, Jackson",WIU_LEA,94.9,174
"Ferretti, Jake",YSU_PEN,94.9,82
"Winders, Max",BUT_BUL,94.9,589
"Walsh, Jameson",ALB_GRE,94.9,121
"Kay, Evan",SBU_SEA,94.8,139
"Onorato, Daniel",ION_GAE,94.8,93
"Wieder, Zach",ARK_LIO,94.8,129
"Knighton, Henry",GEO_COL,94.8,146
"Coon, Brady",SOU_COU,94.8,121
"Lutz, Tyler",JMU_DUK,94.8,615
"Marose, Doug",DEL_BLU,94.8,418
"Gutierrez, JC",UTR_VAQ,94.8,251
"Sybirski, Becker",NJI_HIG,94.8,87
"Rogers, Charles",CAL_MAT,94.8,354
"Minaker, Ethan",CSU_BAK,94.8,591
"Houghton, Andrew",COR_BRE,94.8,270
"Howell, Kaleb",SOU_LIO,94.8,485
"Andrunas, Noah",SLU_BILL,94.8,449
"Urena, Jeremy",FLO_PAN,94.8,367
"Alack, Lane",NEW_PRI,94.8,542
"Chamberlin, Brooks",PRE_BLH,94.8,227
"Lewis, Bradley",BRY_BUL,94.8,158
"Crum, Garrett",NCA_BUL,94.8,310
"Fishnick, Aiden",UWM_PAN,94.8,240
"Smith, Aydan",CHA_BUC,94.8,472
"Nolan, Jake",MON_HAW,94.8,75
"Gilkerson, Cooper",WRI_RAI,94.8,233
"Myro, Mikey",BUC_BIS,94.8,687
"Lerma, Mason",CAL_AGO,94.8,524
"Jernigan, Connor",WM_TRI,94.7,338
"Tronson, Hayden",STE_LUM,94.7,135
"Walker, Jonah",NOR_BIS,94.7,382
"Huddleston, Eli",TEN_TEC,94.7,138
"Higgins, Ryan",CAL_HIG,94.7,204
"Stott, Tyler",OLD_MON,94.7,66
"Huntsberger, Shane",WCC,94.7,105
"Gallant, Matthew",CHA_BUC,94.7,645
"Hoskinson, Ky",POR_PIL,94.7,57
"Karbowski, Anthony",LOU_CAR,94.7,57
"Wanless, Caden",UTR_VAQ,94.7,95
"Golden, Riley",UWM_PAN,94.7,52
"Rhodes, Lane",YSU_PEN,94.7,182
"Lejeune-Deacutis, Brady",UMBC_RET,94.7,526
"Alekson, Ben",FAI_STA,94.7,224
"Panariello, Ty",SBU_SEA,94.7,239
"Phillips, Nolan",THO_M,94.7,144
"Meyn, RJ",SAN_BRO,94.7,476
"O'Dell, Hayden",SAL_JAG,94.7,465
"O'Regan, Joseph",CSU_BAK,94.7,211
"Marchetti, Landon",SAN_SPA,94.7,290
"Narke, Hudson",LAS_EXS,94.7,212
"Guerrero, Halen Jaden",CAL_HIG,94.6,193
"Citro, Marco",HOL_CRU,94.6,90
"Louis, Aaron",POR_PIL,94.6,117
"Mattox, Drew",TEN_TEC,94.6,430
"Helms, Jack",EIU_PAN,94.6,122
"Robertson, Luke",TEX_ISL,94.6,82
"McGwire, Max",SLU_BILL,94.6,219
"Bright, Mason",NCB,94.6,235
"Smith, Kyzer",FAU_OWL,94.6,417
"Townsend, Gavin",WAG_SEA,94.6,73
"Rutherford, Cal",EMU_EAG,94.6,414
"Conklin, Tyler",EIU_PAN,94.6,629
"Smith, Ethan",LIN_UNI,94.6,413
"Castro, Yoni",ALC_BRA,94.6,174
"Gandhi, Krish",BEL_BRU,94.6,338
"Tompkins, Mason",WIN_EAG,94.6,577
"Estridge, Carson",WES_MOU,94.6,293
"Weckler, Mason",UWM_PAN,94.6,279
"Walker, Tyler",WAS_HUS,94.6,91
"Garrison, Cooper",ASU_RED,94.6,394
"Berzonski, Nate",MSM_MTN,94.6,113
"Koonce, Cole",UMBC_RET,94.6,82
"Hageman, Jacob",CAN_GRI,94.6,123
"Lombardi, Harrison",SPU_PEA,94.5,89
"Jezerinac, Pete",KEN_OWL,94.5,189
"D'Ambrosio, Alex",RID_BRO,94.5,162
"Derr, Gavin",WAS_COU,94.5,395
"Davis, Ethan",EMU_EAG,94.5,295
"Singh, Dylan",LOY_LIO,94.5,64
"Holman, Ryan",LEH_MOU,94.5,308
"Whitney, John",SAM_BUL,94.5,257
"Weatherwax, Riley",MON_HAW,94.5,50
"Bradshaw, Michael",MER_COL1,94.5,193
"Torres, Joshua",CAL_HIG,94.5,292
"Rose, Tommy",EMU_EAG,94.5,382
"Tolbert, Stephen",SOU_JAG,94.5,54
"Golier, Grady",LEH_MOU,94.5,102
"Glassman, Ethan",OAK_GOL,94.5,328
"Gaston, Carter",POR_PIL,94.5,147
"Furey, CJ",VIL_WIL,94.5,251
"Cantrill, Tobin",CEN_BEA,94.5,78
"Stepner, Jonah",MAR_HAW,94.5,75
"Jones, Tate",NJI_HIG,94.5,223
"Shipley, Adam",SLU_BILL,94.5,222
"Bertram, Reid",GAR_RUN,94.5,117
"Fernandez, Patrick",CEN_BEA,94.4,352
"Pudvar, Oliver",UCO_HUS,94.4,561
"Frankel, Jack",TUL_GRE,94.4,437
"Charalambous, Christian",PRE_BLH,94.4,754
"Hamilton, Kehler",ELO_PHO,94.4,354
"Davis, Connor",MOR_EAG,94.4,491
"Buffkin, Andrew",CIT_BUL,94.4,549
"Davidson, Garrett",CSD_TRI,94.4,54
"Kresak, Caden",FLO_RAT,94.4,77
"Moser, Ben",THO_M,94.4,51
"Young, Reese",ALA_LIO,94.4,256
"Sonoqui, Cade",WIU_LEA,94.4,261
"Pierce, Owen",WM_TRI,94.4,50
"Mateo, Anthony",ALA_ANM,94.4,91
"Kenty, Jansen",GEO_EAG,94.4,290
"Young, Logan",ABI_WIL,94.4,149
"Rogers, Ethan",WIC_SHO,94.4,224
"Kunz, Cade",NCB,94.4,95
"Taylor, Carson",VIR_KEY,94.4,205
"Politte, Drew",BRA_BRA,94.4,253
"Grossman, Paul",SOU_TRO,94.4,62
"Duley, Daniel",OAK_GOL,94.4,68
"Tarpley, Will",ALA_ANM,94.3,170
"DuMont, Andrew",SLU_BILL,94.3,265
"Girard, Nolan",ILL_RED,94.3,305
"Jordan, Trent",LIT_TRO,94.3,176
"Rogers, Mark",CAN_GRI,94.3,237
"Bowyer, Reid",STE_LUM,94.3,120
"Sheffield, Lincoln",KAN_WIL,94.3,669
"Murray, AJ",BUC_BIS,94.3,96
"Kaler, Tanner",GEO_PAT,94.3,187
"Gailey, Lawson",USF_BUL,94.3,81
"Gonzalez, John",ALA_HOR,94.3,160
"White, Zak",BUT_BUL,94.3,113
"Yennaco, Cole",MER_COL1,94.3,54
"Easterlin, Jaxson",OAK_GOL,94.3,299
"Bell, Cayson",BYU_COU,94.3,350
"Sanders, Caleb",ALA_HOR,94.3,334
"Swaby, Ethan",NOR_BIS,94.3,86
"Tramontana, Max",APP_MOU,94.3,361
"Jones, Austin",CEN_BEA,94.3,117
"Aponick, Jonas",GEO_COL,94.3,284
"Guidas, Nick",KS_GF,94.3,301
"Elliott, Gage",STE_LUM,94.3,69
"Bayles, Drake",UTM_SKY,94.2,99
"Sanchez Jr., Edwin",COP_STA,94.2,58
"Marks, Brad",GEO_COL,94.2,146
"Morrison, Hayden",NIA_EAG,94.2,195
"Pankonin, Ty",PRA_PAN,94.2,63
"Carrera, Xavier",IU,94.2,81
"Speranza, Andrew",MAR_RED,94.2,309
"Finnegan, Quinn",WAG_SEA,94.2,293
"Free, Ryan",TEX_RAI,94.2,168
"Stephenson, Tristan",CHA_BUC,94.2,206
"Bunch, Wyatt",LON_LAN,94.2,412
"Stabley, Thomas",MAI_BLA,94.2,384
"Indomenico, Tore",ILL_ILL,94.2,61
"Van Assen, Cole",PUR_BOI,94.2,756
"DiPasquale, Ean",SOU_IND16,94.2,466
"Booker, Avery",QUN_RYL,94.2,231
"Earing, Caden",SLU_BILL,94.1,384
"Harder, Mitchell",MER_UNI,94.1,66
"Gregg, Brayden",HOF_PRI,94.1,261
"Lingle, Daniel",WM_TRI,94.1,270
"Hartley, Daniel",GEO_EAG,94.1,83
"Forniss, Christian",NOR_CAT,94.1,128
"Hernandez, Ray",UTA_WOL,94.1,280
"Milius, Ethan",LIN_UNI,94.1,190
"Green, Kensen",QUN_RYL,94.1,177
"Ball, Bryant",BYU_COU,94.1,69
"Green, Rand",IWC,94.1,194
"Marcotte, Riley",NEW_PRI,94.1,763
"Duval, Derek",STB_BON,94.1,175
"VanOstenbridge, Matthew",PEN_NIT,94.1,138
"Moran, Nicholas",ECU_PIR,94.1,156
"Nutter, Gabe",SOU_COU,94.0,302
"Medellin, Jordan",ARK_LIO,94.0,118
"Cooley, Luke",LOU_BUL,94.0,185
"Wadiak, Bruce",LAS_EXS,94.0,78
"McFaddin, Caldwell",BAY_BEA,94.0,161
"Okerholm, Christian",UTS_ROA,94.0,365
"Benhardt, Nicolas",LON_ISL22,94.0,106
"Brooks, Tj",NCA_BUL,94.0,100
"Collina, Chris",WAG_SEA,94.0,91
"Virtudes, Timmy",NAV_MID,94.0,110
"Morin, Felix",CAN_GRI,94.0,396
"Olson, Joe",LOU_CAR,94.0,82
"Sanchez, Frankie",PEN_NIT,94.0,337
"Haines, Tyler",UAB_BLA,94.0,97
"Harper, Davis",KEN_OWL,94.0,209
"Goodness, Ian",MOY_MOY,94.0,126
"Connolly, Sean",STO_COL,94.0,64
"Humphries, Colby",GAR_RUN,94.0,78
"Cyr, Jacob",HBU_HUS,94.0,171
"Peterson, James",ALA_HOR,94.0,332
"Peterson, Jonathan",SAC_PIO,94.0,65
"Nissen, Eli",CRE_BLU,94.0,462
"Niemeyer, Lucas",LIN_UNI,94.0,524
"Holder, Will",GEO_EAG,94.0,593
"Jones, Gibson",QUN_RYL,94.0,340
"Blease, Chase",IWC,94.0,407
"Stuckey, Gaige",OHI_BOB,93.9,124
"Wingard, Jacob",ALC_BRA,93.9,113
"Lynch, Matthew",TOW_TIG,93.9,394
"Torres, Jayden",ALA_HOR,93.9,131
"Davis, Keith",WAG_SEA,93.9,89
"Allen, Payton",GRA_TIG,93.9,98
"Blasche, Mason",SAM_BUL,93.9,768
"Vargas, Aiden",MAR_RED,93.9,90
"Cuccias, Matthew",WIC_SHO,93.9,712
"Aiello, Christian",RID_BRO,93.9,127
"Underwood, Peter",LIN_UNI,93.9,111
"Freeman, Caleb",EKU_COL,93.9,158
"Marsh, Quinten",STA_CAR,93.9,215
"Briese, Jackson",EKU_COL,93.9,272
"Moreno, Maddox",PAC_TIG,93.9,280
"Lamar, Tommy",LEH_MOU,93.9,101
"Yoshida, Ross",COR_BRE,93.9,519
"Nomura, Sam",ELO_PHO,93.9,389
"Hoar, Brady",BUC_BIS,93.9,711
"Moore, Landen",LON_LAN,93.8,81
"Willerer, Graham",SAC_PIO,93.8,130
"Alarid, Zach",SAM_BEA,93.8,95
"Smith, Ian",ARK_LIO,93.8,67
"Campbell, Jay",FLO_RAT,93.8,55
"Perez, Adan",PAC_TIG,93.8,421
"Kimble, Kaden",MSM_MTN,93.8,285
"Tierney, Chardy",EKU_COL,93.8,152
"Vanesko, Jackson",BRY_BUL,93.8,389
"Noble, Nick",FDU_KNI,93.8,58
"DuMont, Jack",SLU_BILL,93.8,105
"Curtin, Shane",CRE_BLU,93.8,269
"Jacques, Pierre-Luc",TEX_ISL,93.8,124
"Pavone, Dante",BUC_BIS,93.8,428
"Eaton, Cole",TCU_HFG,93.8,90
"Esch, Evan",THO_M,93.8,114
"Black, Collins",NOR_WOL,93.8,260
"Teke, Jared",NOK_NOR,93.8,69
"Eager, Brennan",CIN_BEA,93.8,137
"Kirsh, Nolan",MER_UNI,93.8,173
"Pintar, Luka",SAN_SPA,93.8,261
"Yarc, Matthew",NMS_AGG,93.8,321
"Wernsing, Gavan",SIU_SAL,93.8,74
"Chmielewski, Tom",NOR_TAR,93.8,251
"Cruce, Riley",MER_BEA,93.8,72
"Toro Sayago, Manuel Jesus",JAC_TIG,93.7,103
"Mudd, Tyler",BOC_EAG,93.7,664
"Keefe, Ben",RAD_HIG,93.7,140
"Nichols, Landon",PRE_BLH,93.7,77
"Armstrong, Jack",IND_SYC,93.7,361
"Baker, Buddy",VIR_KEY,93.7,332
"Gazaway, Dylan",UTA_UTE,93.7,524
"Russell, Charlie",AIR_FOR,93.7,71
"Falke, Ryan",WAS_COU,93.7,151
"Wilson, Connor",NOR_DEM,93.7,83
"Kaplan, Max",USC_UPS,93.7,731
"Carey, Aidan",GEO_COL,93.7,113
"Sheppard, David",DIX_STE,93.7,305
"Beltran, Jacob",UTA_WOL,93.7,247
"VanMarter, Luke",MOY_MOY,93.7,200
"Boffalo, Matt",CAN_GRI,93.7,83
"White, Carter",NOR_DEM,93.7,409
"Sehlke, Blake",OAK_GOL,93.7,176
"Dudley, Patrick",SOU_GAM,93.7,73
"Jungers, Aaron",LIN_UNI,93.7,429
"Mata, Saul",ION_GAE,93.7,115
"Castaneda, Mj",NOK_NOR,93.7,80
"Battles, Kelvin",PRA_PAN,93.6,121
"Noonan, Parker",RAD_HIG,93.6,212
"Maya, Gabe",PEP_WAV,93.6,156
"Hernandez, Daniel",CAL_HIG,93.6,76
"Turner, Bryce",FLO_PAN,93.6,367
"Parker, Brigden",LIT_TRO,93.6,632
"Geiser, Jack",MIA_RED,93.6,181
"Timothy, Carson",SAC_HOR,93.6,578
"Bauerschmidt, Ethan",PEN_NIT,93.6,197
"Reed, Sam",ILL_ILL,93.6,306
"Ulrich, Sloan",YSU_PEN,93.6,165
"Gagen, Bradley",EKU_COL,93.6,452
"DeGondea, Carter",GEO_EAG,93.6,702
"Lewis, Henry",UMBC_RET,93.6,52
"Franks, Logan",STJ_HAW,93.6,77
"Vander Loop, Alex",UWM_PAN,93.6,227
"Trizuto, Colin",WAG_SEA,93.6,203
"Price, Jackson",DIX_STE,93.6,354
"Rice, Tyler",ALA_LIO,93.6,69
"LaBuda, Mason",DAY_FLY,93.6,276
"Collins, Hayden",EKU_COL,93.6,506
"Yoo, Christian",LON_ISL22,93.6,78
"Arend, Joey",XAV_MUS,93.6,185
"Rice, Brandon",MSM_MTN,93.6,50
"Bak, Brandon",UIC_FLA,93.5,735
"Cardenas, Diego",GEO_PAT,93.5,646
"Bickett, Brady",CHA_BUC,93.5,626
"Earle, Mitchell",MOY_MOY,93.5,228
"Carver, Chase",BEL_KNI,93.5,318
"Speicher, Bennett",UMBC_RET,93.5,230
"Smith, Jacobie",GRA_TIG,93.5,130
"Sparks, Jaxon",IND_SYC,93.5,131
"McGill, Callum",MOR_EAG,93.5,290
"Gregor, Soren",BIN_BEA,93.5,83
"Harris, Everette",APP_MOU,93.5,277
"Fladda, Luc",ARI_WIL,93.5,587
"Morin, Ryland",ARK_LIO,93.5,119
"Sitarz, Gavin",UMA_AMH,93.5,80
"Hall, Matthew",NCA_BUL,93.5,228
"Kim, Tyler",NJI_HIG,93.5,92
"Epps, Ivan",MAN_JAS,93.5,79
"Samuels, Carson",DAY_FLY,93.5,371
"Budd, Kade",TEX_ISL,93.5,124
"Fleming, Josh",MUR_RAC,93.4,87
"Betza, Heath",MER_UNI,93.4,54
"Puvogel, Jack",ION_GAE,93.4,62
"Wells, Cole",MOR_EAG,93.4,437
"Lefevers, Matthew",RAD_HIG,93.4,350
"Aloisio, Collin",SAM_BEA,93.4,256
"Gregor, Jake",LOU_CAR,93.4,90
"Wooldridge, Braydon",CAL_AGO,93.4,201
"Barnett, Ty",TEN_TEC,93.4,199
"Bowman, Zach",GON_BUL,93.4,399
"Tamburro, Nick",MON_HAW,93.4,105
"Coleman, Keymoni",DIL_UNI,93.4,80
"French, Carson",NOK_NOR,93.4,167
"Pardo, Anthony",NOR_BIS,93.3,70
"Molini, Jack",MOY_MOY,93.3,172
"Weight, Jack",WM_TRI,93.3,259
"Fast, Taber",WAS_COU,93.3,171
"Blum, Aaron",OHI_BOB,93.3,259
"Norris, Aidan",EMU_EAG,93.3,115
"Nation, Connor",LOU_BUL,93.3,296
"Overbeek, Josh",ARM_BLA,93.3,51
"LoPinto, Joe",CAN_GRI,93.3,384
"Novak, Cameron",MIA_RED,93.3,194
"McMichael, Cole",BEL_KNI,93.3,52
"Horner, Cameron",FAU_OWL,93.3,68
"Kuhle, Max",JMU_DUK,93.3,382
"Trinidad, Justin",ION_GAE,93.3,218
"Edwards, Jagger",SAN_TOR,93.2,260
"Faulkner, Jacob",VAN_COM,93.2,294
"Ruhle, Stephen",OAK_GOL,93.2,192
"Geisler, Nolan",UMASS_RIV,93.2,159
"Jones, Easton",UTA_UTE,93.2,71
"Stogner, John Allen",ALA_LIO,93.2,470
"Bell, Hunter",ALC_BRA,93.2,53
"Fridgen, Braden",PEN_QUA,93.2,61
"Gowan, Jackson",QUN_RYL,93.2,750
"Shenosky, Skip",PEN_NIT,93.2,64
"Meredith, Kaveh",NCB,93.2,75
"Hansen, George",OAK_GOL,93.2,428
"Brown, Dalton",LAF_LEP,93.1,103
"Petteys, William",GEO_PAN,93.1,317
"Tiw, Jeff",WAG_SEA,93.1,105
"Richter, Chase",ASU_RED,93.1,625
"Barks, Ryan",GEO_COL,93.1,66
"Samonsky, Kevin",COL_CHA,93.1,90
"Bowker, Austin",CSD_TRI,93.1,542
"Hudson, Matt",CAL_HIG,93.1,144
"Tarbert, Roan",FLO_RAT,93.1,67
"Nunez, Brian",SLU_BILL,93.1,101
"Gajowski, Mark",ALB_GRE,93.1,229
"Hrin, Tyler",UWM_PAN,93.1,202
"Nadel, Jasper",GEO_COL,93.1,240
"Donlin, Jack",MAI_BLA,93.1,186
"Keller, Kenny",CEN_MIC,93.0,156
"Poynter, Bradley",MOR_EAG,93.0,84
"Delvaux, Matt",MER_UNI,93.0,144
"Brooks, Hunter",OHI_BOB,93.0,253
"Cook, Alex",STO_COL,93.0,82
"Guardiancic, Jake",PEP_WAV,93.0,60
"Rondeau, Lukasz",DAY_FLY,93.0,178
"Ferguson, Andrew",LOU_BUL,93.0,145
"Murphy, Brendan",COL_LION,93.0,332
"Hook, Nathan",USC_UPS,93.0,202
"Morgan, Cole",PRE_BLH,93.0,87
"Bracamonte, Roman",CSU_BAK,92.9,225
"Lehrman, Eli",BRA_BRA,92.9,248
"Batt, Kyle",RID_BRO,92.9,158
"Esker, Alex",WIU_LEA,92.9,105
"Hoff, Justin",IND_SYC,92.9,106
"Rodarte, Jordan",FOR_RAM,92.9,137
"Gluth, Braden",NOR_BIS,92.9,169
"Jovia, Aiden",ION_GAE,92.9,100
"Reyes, Matt",DEL_BLU,92.9,221
"Edwards, Landon",MAR_TER,92.9,206
"Waldschmidt, Logan",NEW_PRI,92.9,88
"Thompson, Noah",SOU_COU,92.9,250
"Wilmarth, Matthew",BRO_BEA,92.9,196
"Brown, Caden",SOU_JAG,92.9,83
"Longoria, Adan",KAN_WIL,92.8,110
"Allen, John",AKR_ZIP,92.8,292
"Hopke, Kale",CHA_BUC,92.8,175
"Wallace, Chance",UTA_WOL,92.8,296
"Colucci, Jake",UNC_SPA,92.8,370
"Petraitis, AJ",MOY_MOY,92.8,318
"Plummer, Michael",NAV_MID,92.8,85
"Hilton, Jake",STM_GAE,92.8,456
"Ducie, Colin",UMASS_RIV,92.8,88
"Crochet, Reese",GEO_COL,92.8,98
"Lindsey, Karson",FLO_RAT,92.8,160
"Landtiser, Colton",OHI_BOB,92.8,291
"Reese, Cooper",NMS_AGG,92.8,105
"Pye, Jack",WM_TRI,92.8,481
"Lender, Tyler",ION_GAE,92.8,66
"Kortum, Reese",WIC_SHO,92.8,494
"Alejandro, Hector",SAC_PIO,92.8,74
"Ressler, Andrew",SOU_COU,92.7,73
"Calvo, Walker",ARM_BLA,92.7,135
"Stout, Gabe",NOK_NOR,92.7,129
"Buss, Mason",UIC_FLA,92.7,218
"Ball, Connor",STE_HAT,92.7,393
"Cirelli, Joey",BRA_BRA,92.7,589
"Lopez, Aaden",COP_STA,92.7,162
"Bell, Hunter",STO_COL,92.7,142
"Bassett, Jason",MAR_RED,92.7,85
"Heyl, Matthew",UCF_KNI,92.6,71
"Peterson, Riley",UWM_PAN,92.6,443
"Nolan, Tanner",APP_MOU,92.6,442
"Romero, Braedon",MAN_JAS,92.6,62
"Loper, Bobby",MER_COL1,92.6,101
"Meredith, Tucker",PRE_BLH,92.6,159
"Sams, Rylan",OHI_BOB,92.6,189
"De Araujo, Caio",ALA_HOR,92.6,67
"Brown, Oliver",PRA_PAN,92.6,80
"Goodman, Michael ",UMA_AMH,92.6,83
"Winston, Hunter",OHI_BOB,92.6,356
"D'Ambrosio, Michael",HOF_PRI,92.6,236
"Montembeau, Joe",PRI_TIG,92.6,80
"Lorence, Luke",CEN_BEA,92.6,60
"Frese, Maddux",IOW_HAW,92.5,610
"DeCastro, Justin",LON_ISL22,92.5,213
"Miramontes, EJ",NOK_NOR,92.5,372
"Davis, Sean",ION_GAE,92.5,222
"Montone, Christopher",RID_BRO,92.5,153
"Davis, Ethan",MOR_EAG,92.5,208
"Goode, Brayton",SAL_JAG,92.5,63
"West, Nick",YAL_BUL,92.5,214
"Ray, Cayden",VAL_CRU,92.5,100
"Cook, Aiden",OHI_BOB,92.5,100
"Lyke, Ethan",MUR_RAC,92.4,199
"Hurlburt, Evan",ALA_ANM,92.4,89
"Schueller, Jase",SAC_PIO,92.4,136
"Smith, Liam",PAC_TIG,92.4,499
"Blanchard, Garett",MCN_COW,92.4,427
"Dowdle, Colin",HOL_CRU,92.4,126
"Martinez, Ryan",DIX_STE,92.4,249
"Stewart, Jeremiah",NOF_OSP,92.4,207
"Haynes, Kenneth",PRA_PAN,92.4,164
"Olsen, Gage",WES_HIL,92.4,265
"Schexnaydre, Owen",NIC_COL,92.4,184
"Larson, Van",LON_DIR,92.3,245
"Taggart, Carson",DAV_WIL,92.3,240
"Vaccarella, Joseph",ARM_BLA,92.3,119
"Willhite, Jack",EVA_ACE,92.3,227
"Gore, Davis",SPU_PEA,92.3,63
"Byrne, Connor",SET_PIR,92.3,84
"McDaniel, Mason",PRE_BLH,92.3,282
"Tyndall, Eli",VIR_KEY,92.3,456
"Bowe, Warren",THO_M,92.3,155
"Matthews, Camden",ALA_HOR,92.3,425
"Hinchliffe, Jackson",RIC_SPI,92.3,519
"Murphy, Nathan",GEO_COL,92.3,102
"Reyes, Jack",HOL_CRU,92.3,148
"Salvesen, Landon",UTA_UTE,92.2,144
"Almond, Griffin",YSU_PEN,92.2,132
"Williams, Jonathan",PRE_BLH,92.2,106
"Adams, Collin",ABI_WIL,92.2,116
"Hudson, Rayce",PRA_PAN,92.2,65
"Loren, Joshua",NIU_HUS,92.2,116
"Conrad, Ryan",VIL_WIL,92.2,76
"Barney, Avon",SOU_JAC,92.2,138
"Rogers, Gus",NEW_PRI,92.2,95
"Darnell, Logan",MIS_DEL,92.2,115
"Pedersen, Jacob",RUT_SCA,92.2,390
"Masteralexis, Justin",UMA_AMH,92.2,146
"Hawkins, Colin",SLU_BILL,92.1,283
"Hamilton, Matthew",DAV_WIL,92.1,92
"Heintz, Parker",FRE_BUL,92.1,197
"Zimmerman, Jack",DAY_FLY,92.1,115
"Taylor, Conlan",BIN_BEA,92.1,52
"Ortiz, Angel",NOR_AGG,92.1,163
"Sargent, Eddie",UMBC_RET,92.1,572
"Orton, Mason",NIU_HUS,92.1,219
"Volz, Derek",HOL_CRU,92.1,368
"Karr, Kellen",COA_CHA,92.0,126
"Tootle, Joe",CSU_BAK,92.0,115
"Johnson, Braeden",COR_BRE,92.0,86
"Ware, Tanner",OAK_GOL,92.0,515
"Novotny, Sam",SOU_JAC,92.0,228
"Cox, Carter",NIU_HUS,92.0,523
"Basgaard, Noah",STO_COL,92.0,80
"Keller, Noah",COR_BRE,92.0,219
"Glickman, Mason",NEW_HAV,91.9,199
"Ballard, Nicholas",LOU_CAR,91.9,104
"Hebert, Mason",FDU_KNI,91.9,157
"Duke, Dylan",LAS_EXS,91.9,124
"Wylde, Connor",NMS_AGG,91.9,656
"Kuhn, Carson",RIC_OWL,91.9,156
"Collins, Lucas",DAY_FLY,91.9,161
"Ellis, Caleb",SOU_JAG,91.9,132
"Luther, Vincent",BIN_BEA,91.9,187
"Seiber, Joe",VAL_CRU,91.8,116
"Lott, Emerson",ARK_LIO,91.8,70
"Allred, Gus",NCB,91.8,229
"Lafferty, Clinton",MIS_DEL,91.8,68
"Corrales, Diego",MCN_COW,91.8,107
"Vidmar, Nathan",DEL_HOR,91.8,91
"Zahradnik, Ty",ARL_MAV,91.8,403
"Valencia, Lucas",MIS_DEL,91.8,124
"Busson, Connor",GAR_RUN,91.8,83
"Casteel, Cooper",TEN_TEC,91.8,590
"Park, Rowan",UNI_WES,91.8,201
"Edwardi, Dante",LAS_EXS,91.8,75
"Shea, Josh",COR_BRE,91.8,251
"Gonzalez, OJ",ABI_WIL,91.8,170
"Gopal, Sachin",NAV_MID,91.8,73
"Lewis, Nick",WAS_COU,91.7,469
"Lepine, Andrew",STE_HAT,91.7,370
"Frost, Brolan",IOW_HAW,91.7,129
"Baptist, Jaxon",ALA_HOR,91.7,445
"Moran, Ethan",WAG_SEA,91.7,184
"Beaty, Beau",PRA_PAN,91.7,128
"Power, Trey",ALA_HOR,91.7,430
"Swan, Masen",CAL_FUL,91.7,74
"Dorety, Justin",RID_BRO,91.7,160
"Dixon, Payton",NEV_WOL,91.7,124
"Vogt, Jaren",SOU_JAC,91.6,209
"Saunders III, Gilbert",STB_BON,91.6,100
"Gormont, Dylan",SLU_BILL,91.6,273
"Bryant, Luke",OHI_BOB,91.6,257
"Lordi, James",LON_ISL22,91.6,93
"Hollabaugh, Peter",SMU_SAI,91.6,67
"Armijo, Calix",CAL_MAT,91.6,66
"Lewis, Ethan",YAL_BUL,91.5,91
"Yamanaka, Eli",LOY_LIO,91.5,56
"Tahnk, Owen",HAR_CRI,91.5,83
"Ehlers, Noah",MER_UNI,91.5,169
"Thomson, Owen",OAK_GOL,91.5,224
"Vasiliou, Evan",XAV_MUS,91.4,435
"Turner, Will",UTM_SKY,91.4,159
"Trombello, Brady",TEX_RAI,91.4,121
"Rowland, Ethan",EMU_EAG,91.4,87
"Burt, Jake",MAR_RED,91.4,109
"Leahy, William",ARM_BLA,91.4,146
"Scott, Kaleb",DEL_HOR,91.4,104
"Ormaza, Arturo",TOL_ROC,91.3,289
"Foley, Liam",CIT_BUL,91.3,186
"Piwnicki, Camren",BRO_BEA,91.3,366
"Poe, Aiden",AIR_FOR,91.3,357
"Everette, Carson",WIN_EAG,91.3,76
"Fusco, Vinny",NEW_HAV,91.3,126
"Villar, Jake",CSD_TRI,91.3,399
"Dolinshek, Joe",ALA_HOR,91.3,333
"Hamill, Ethan",COR_BRE,91.3,639
"Boeckmann, Evan",WRI_RAI,91.3,107
"Wiley, Logan",BUT_BUL,91.3,284
"Broderick, Zach",MER_COL1,91.2,143
"Wrehe, Thomas",GEO_PAT,91.2,83
"Nguyen-Brown, Daylinh",NCA_BUL,91.2,134
"Johnsen, Spencer",IND_SYC,91.2,376
"DeMaro, Frankie",UMASS_RIV,91.2,179
"Klueber, Christopher",UMASS_RIV,91.2,133
"Masters, Dillon",OHI_BOB,91.2,433
"Hillard, Louden",MOR_EAG,91.2,196
"Benjamin, Tre",BUT_BUL,91.1,66
"Blosser, Hayden",OHI_BOB,91.1,110
"Gray, Braydon",LON_LAN,91.1,203
"Stotlar, Karsten",WIU_LEA,91.1,207
"Klus, John",SOU_RED,91.1,95
"Patterson, Tripp",ALA_LIO,91.1,783
"Nobles, Ethan",UNC_SPA,91.1,244
"Kutz, Ryan",LIP_BIS,91.1,152
"Stewart, Ethan",OHI_BOB,91.0,414
"Driscoll, Sam",LIN_UNI,91.0,54
"Callaway, Andrew",DEL_BLU,91.0,462
"Farley, Dylan",ASU_RED,91.0,610
"Kuntz, Alex",TEN_TEC,91.0,245
"Rovin, Porter",SAN_TOR,91.0,444
"Kreuzer, Niko",BUT_BUL,91.0,51
"Abadie, Connor",SAN_AZT,91.0,192
"Thomas, Brandon",FRE_BUL,91.0,320
"Arnold, Andrew",SAM_BUL,91.0,69
"Maloney, Matt",WMI_BRO,91.0,96
"Fryer, Justin",NOR_CAT,90.9,316
"McIntosh, Lawson",SIE_SAI,90.9,64
"Shaub, Ethan",DEL_BLU,90.9,197
"Beebe, Isaac",LON_ISL22,90.9,134
"Yang, Bryan",BRO_BEA,90.9,331
"Smith, Owen",STB_BON,90.9,162
"Champey, Brycen",DAV_WIL,90.9,404
"Heller, James",DAY_FLY,90.8,289
"Nalawadi, Zachary",ALB_GRE,90.8,220
"Cova, Sammy",UTA_UTE,90.8,234
"Delaney, Ryan",BUC_BIS,90.8,277
"Thiele, Garrett",MAN_JAS,90.8,78
"Reimers, Easton",NOR_BIS,90.8,169
"Winebarger, Owen",ELO_PHO,90.7,545
"Ortiz, Abel",COP_STA,90.7,93
"Kane, Dylan",RID_BRO,90.7,189
"Florence, Joshua",STO_COL,90.6,51
"O'Brien, Aidan",FOR_RAM,90.6,53
"Gilleran, James",STO_COL,90.6,146
"Hoxie, Hunter",FAI_STA,90.6,162
"Jette, Jacob",UMASS_RIV,90.6,182
"Oppenheim, Drew",GEO_COL,90.5,203
"Plesser, Ethan",LON_LAN,90.5,103
"Quiles, Evimael",UNI_WES,90.5,238
"Koehler, Trent",SOU_COU,90.5,220
"Snyder, Jackson",MSM_MTN,90.5,121
"Bruno, Luca",SPU_PEA,90.4,96
"Swidorski, TJ",COR_BRE,90.4,85
"Kassebaum, Torin",LON_ISL22,90.4,157
"Roehler, Trenton",ILL_RED,90.4,207
"Okumura, Shuto Tiger",ILL_RED,90.4,262
"LaBoy, Jorhan",ALA_HOR,90.3,504
"Connors, Luke",MOY_MOY,90.3,221
"Enea, Alex",ALB_GRE,90.3,103
"Monroe, Trace",VIR_KEY,90.3,484
"Williams, Joseph",JAC_TIG,90.3,84
"Ugo, Jackson",MUR_RAC,90.3,155
"Douglas, Ryan",STO_COL,90.3,134
"Arreola, Victor",FRE_BUL,90.3,430
"Stone, Lucas",NCB,90.3,256
"Clark, Raymond",ALA_ANM,90.3,66
"Bellhorn, Jackson",NOF_OSP,90.2,86
"Papciak, Will",DAV_WIL,90.2,59
"McDonough, Bobby",UMA_AMH,90.2,86
"McCarley, Derek",ETS_BUC,90.2,248
"Patrick, Tyler",FRE_BUL,90.2,609
"Battle, Justin",ALA_LIO,90.2,380
"Witkop, Paul",RIC_SPI,90.2,88
"Perry, Andrew",BEL_BRU,90.2,376
"Wise, Jake",VIR_TEC,90.2,57
"Castelluccio, Andrew",MAN_JAS,90.1,79
"Shaver, Ethan",PAC_TIG,90.1,508
"Hayashi, Heitaro",WIC_SHO,90.1,268
"Hyer, Keane",RIC_SPI,90.1,70
"Dhein, Peyton",VIR_KEY,90.1,710
"De Jesus, Richard",MAR_HAW,90.1,84
"Cespedes, Louis",MER_COL1,90.1,54
"Miller, Cole",ELO_PHO,90.0,280
"Habermann, Andrew",SAN_BRO,90.0,187
"Phillips, Hampton",GRA_TIG,90.0,244
"Harris, Shemar",JAC_TIG,90.0,66
"Hoffarth, Harrison",SEA_RED,90.0,126
"Hanson, Jared",CEN_MIC,89.9,260
"Huwar, Bryson",CHA_BUC,89.9,94
"Marenghi, Will",DAV_WIL,89.9,367
"Braddy, Porter",UNC_SEA,89.9,62
"Tolbert, Roman",MCN_COW,89.9,62
"Munday, Parker",AKR_ZIP,89.9,190
"Tonnotti, Joey",SPU_PEA,89.9,71
"Rosenblitt, Josh",OAK_GOL,89.8,198
"Branigin, Braden",LIN_UNI,89.8,203
"Doney, Josh",UMASS_RIV,89.8,96
"Joseph, Johnny",QUN_RYL,89.7,189
"Southwell, Connor",MAR_RED,89.7,117
"Brabec, Gabe",GON_BUL,89.7,131
"Mante, Shaun",GRA_TIG,89.7,106
"Laviage, Zac",TEX_TIG,89.6,94
"Morris, Lake",BEL_BRU,89.6,410
"Cadieux, Brian",ALB_GRE,89.6,297
"Graf, Brock",HOL_CRU,89.6,139
"Salvo, Vincent",TOW_TIG,89.6,156
"McLeese, Troy",ARK_LIO,89.5,58
"Bryant, Kade",NOR_DEM,89.4,76
"Ragat, Aaron",BEL_KNI,89.4,93
"Yochum, Simon",DAV_WIL,89.4,466
"Tomlinson, Ty",WMI_BRO,89.4,113
"Holland, Nicco",COP_STA,89.4,77
"Winkler, Kyle",ARL_MAV,89.4,477
"Ashby, Cooper",WRI_RAI,89.4,164
"Carey, Jack",HIG_PAN,89.3,299
"Robertson, Julian",OHI_BOB,89.3,67
"Egger, Sheldon",WOF_TER,89.2,101
"Plante, Gunnar",UNI_WES,89.2,83
"Day, Alex",NIU_HUS,89.2,51
"Sipe, Hunter",VIR_KEY,89.2,692
"Flanagan, Cole",LOU_CAJ,89.2,121
"Hasten, Jack",ARK_LIO,89.2,232
"Curtis, Eli",MT,89.1,78
"Price, Landon",OHI_BOB,89.1,238
"Frederick, Brady",TEN_VOL,89.1,416
"DeMarco, Jason",FDU_KNI,89.0,51
"Gass, Mason",OHI_BOB,89.0,486
"Wenzel, Logan",SPU_PEA,89.0,178
"McCarthy, Dylan",WM_TRI,89.0,141
"Cortner, Kyle",NOK_NOR,89.0,70
"Dellentash, Luke",STO_COL,88.9,101
"Benson, Shaydon",NIC_COL,88.9,141
"Summar, Micah",TEN_TEC,88.9,194
"Donecea, Maxim",ARM_BLA,88.9,118
"Oswald, Garrett",ALC_BRA,88.8,137
"Goss, Keevyn",GRA_TIG,88.8,147
"McKinley, Brendan",ULM_WAR,88.8,108
"Escobalez Jr., Johnny",MIS_DEL,88.8,83
"Vieira, William",FOR_RAM,88.8,93
"Gilson, Brayden",FAU_OWL,88.8,246
"Werk, Matthew",SOU_JAC,88.8,151
"Boyle, Sam",SAN_SPA,88.8,78
"Chavez, Caden",FOR_RAM,88.7,149
"Carter, Shane",DEL_HOR,88.7,120
"Hebert, Henry",MER_COL1,88.7,77
"Thomas, Alex",BUT_BUL,88.6,53
"Zadrozny, Owen",MER_COL1,88.6,74
"Vitellaro, Michael",UIC_FLA,88.6,182
"Blaker, Bailey",SLU_BILL,88.6,74
"Mick, Carter",UNO_MAV,88.6,76
"Buhl, Jason",WIU_LEA,88.5,322
"Goldberg, Max",PAC_TIG,88.5,108
"Wolfe, Colin",SOU_IND16,88.5,77
"Vargo, Nate",MER_UNI,88.5,87
"Davis, Zane",CIT_BUL,88.5,223
"Breen, James",DEL_HOR,88.5,63
"Holm, Mark",STB_BON,88.4,171
"Delgado, Christian",JAC_TIG,88.4,110
"Heeney, NIkau",BEL_KNI,88.4,50
"Sherrard, Brett",BUT_BUL,88.3,67
"Confreda, Brennan",FLO_PAN,88.3,55
"Hack, Christian",VAL_CRU,88.3,119
"Blevins, Bryce",MAR_THU,88.3,1065
"Swiencicki, Eric",MOY_MOY,88.3,223
"Costa, Devin",MOR_EAG,88.3,403
"Toal, Haydan",ULM_WAR,88.3,219
"Jackson, Samuel",MEX_LOB,88.3,124
"Pfeffer, Kaden",MIA_RED,88.2,119
"Leverton, Luke",BRA_BRA,88.2,74
"Krouse, Lucas",BGS_FAL,88.2,261
"Torres, Esteban",MAR_HAW,88.2,51
"Ely Jr, Sean",DEL_HOR,88.2,55
"Okopal, Ryan",MER_UNI,88.2,54
"Robinson, Nick",GRA_TIG,88.1,101
"Cooper, Seth",ULM_WAR,88.1,129
"Banker, Brady",IND_SYC,88.1,169
"Richard, Luke",MIS_DEL,88.1,142
"Dews, Myles",ALC_BRA,88.1,108
"Cordeiro, Harrison",CAL_STA,88.1,79
"Johnson, Nicholas",ALC_BRA,88.0,159
"Totten, Matthew",NOR_BIS,88.0,82
"Dowling, Brian",HAR_CRI,88.0,203
"Paltridge, Richard",SIE_SAI,88.0,73
"Brown, Andrew",MAN_JAS,87.9,68
"Bilecki, Frankie",BUC_BIS,87.8,237
"Gill, Ryan",NOK_NOR,87.8,141
"Banuelos, Jackson",CAL_MAT,87.7,156
"Husar, Trey",SOU_JAC,87.7,112
"Zawistoski, Mac",EIU_PAN,87.6,57
"Thomas, AJ",MAR_RED,87.6,87
"Poliey, Clayton",RID_BRO,87.4,200
"Anselmo, Anthony",BET_WIL,87.4,260
"Smith, Daniel",DAV_WIL,87.3,152
"Weigand, Peyton",MER_UNI,87.3,50
"Plummer, Aidan",DAR_GRE,87.2,86
"Smith, Sam",MOR_EAG,87.2,174
"Lyon, Alex",COL_CHA,87.2,533
"Walega, Pat",LAF_LEP,87.2,187
"Sutton, Kayden",ALC_BRA,87.1,174
"Weber, Tanyon",STO_COL,87.1,71
"Skermont, Colin",MOY_MOY,87.1,136
"Jackson, Dante",CSU_BAK,87.0,185
"Harris, Ty",BRO_BEA,86.9,60
"Woolard, Colin",NCA_BUL,86.9,115
"Heath, Noah",RID_BRO,86.9,56
"Mejia, Ryan",DEL_HOR,86.8,74
"Alvey, Caden",MER_BEA,86.8,59
"Keusch, Ian",BRO_BEA,86.8,153
"Wajima, Kaigo",UNI_THE2,86.7,60
"Baldrate, Jackson",PRI_TIG,86.7,74
"Finnvold, Carsten",VIL_WIL,86.6,87
"Monteforte, Presley",BEL_KNI,86.6,75
"Sheldon, Austin",WAS_COU,86.6,59
"Stewart, Henry",SAN_BRO,86.5,79
"Trantino, Christian",SAC_PIO,86.5,68
"Bottar, Jackson",CIT_BUL,86.5,90
"Magdits, Logan",FDU_KNI,86.3,92
"Williams, Cade",MAR_HAW,86.2,72
"Terwilliger, Dylan",UMA_AMH,86.1,94
"Egan, Austin",BEL_KNI,86.1,77
"Jones, Jace",MIS_DEL,86.1,83
"Ladd, Kobe",MIS_DEL,86.1,69
"Dillard, Tag",OAK_GOL,86.1,94
"Dolbin, Nicholas",COP_STA,86.0,60
"Benton, Elijiah",MAR_HAW,85.9,126
"Bergren, RJ",NIU_HUS,85.9,58
"Pitts, Samuel",IWC,85.8,61
"VanValkenburg, Jace",NEW_HAV,85.6,157
"Rose, Liam",UMASS_RIV,85.6,58
"Champey, Carter",MAR_HAW,85.5,125
"Ellis, James",SPU_PEA,85.2,164
"Starke, Ty",LOU_CAR,85.1,185
"Sales, Terence",ALA_ANM,85.1,117
"Wizceb, Joey",WMI_BRO,85.0,232
"Brooks, Otis",ALA_HOR,84.9,68
"Monroe, Marcus",SPU_PEA,84.9,115
"Evenson, Zac",MER_UNI,84.8,127
"Schumann, Connor",OLD_MON,84.8,126
"Montgomery, Jackson",COP_STA,84.7,83
"Corcoran, Luke",COP_STA,84.7,61
"Lenhardt, Brock",MIS_DEL,84.5,93
"Angelidis, Alexander",SPU_PEA,84.2,50
"Eckrote, Justin",NEW_HAV,84.1,56
"Maynard, Jace",TEX_TIG,84.1,76
"Morello, Mason",FOR_RAM,84.1,67
"Young, Ryan",FLO_RAT,84.0,59
"O'Neil, Dillon",WAS_COU,83.8,54
"Ryan, Sheamus",NOR_BIS,83.7,259
"Cherena, Jose",ALC_BRA,82.9,204
"Smiddy, Garyson",BUT_BUL,82.8,81
"Danaher, Max",MOY_MOY,82.7,82
"Synodi, Robert",NEW_HAV,82.5,96
"Dennis, Collin",TEX_TIG,82.4,125
"Martinek, Caleb",NEW_HAV,82.2,90
"Crocker, Myles",NOR_SPA,82.2,115
"Vest, Jeremy",DEL_HOR,82.2,69
"Nesslage, Kannon",CEN_BEA,81.5,69
"Pittman, Ryland",UNI_THE2,81.2,56
"Trone, Steven",CIT_BUL,80.5,170
"Correa, Antonio",LAF_LEP,79.2,137
"Donley, Ryan",OAK_GOL,78.8,127
"Fuller, Ethan",MIS_DEL,78.5,76
"Usowski, Connor",MOY_MOY,78.3,50
"Nunn, John Parker",UTM_SKY,76.6,89
"Wade, Caden",ALC_BRA,76.4,85
"Ruditzky, Jack",RID_BRO,76.1,127
"Lowe, Braden",WAG_SEA,75.9,91
"Jakubowski, Jake",UIC_FLA,75.8,221
"Lichtenauer, Evan",OHI_BOB,75.3,425
"Torrero, Eric",MIS_DEL,74.0,76
"Currah, Nathan",AKR_ZIP,74.0,161
"Ragas, Chase",ALC_BRA,73.3,53
"Gonzalez, Ayden",UMBC_RET,71.1,54
"Johnson, Ethan",DEL_HOR,69.3,57
"Hiscox, Nathan",MOY_MOY,66.2,85
"Riggs, Luke",OAK_GOL,65.3,87
,DEL_HOR,57.1,100
"Morrison, Alesandro",UNI_THE2,21.0,68
